EPC,Frequency,AntennaID,PCList,RSSIList,ReadCount
e2 80 69 95 00 00 50 0d 5b e7 f5 1e,2,898,30 00,-150,1
e2 80 69 95 00 00 50 0d 5b e7 f5 1e,2,898,30 00,-148,2
e2 80 68 94 00 00 50 2c 14 96 04 9f,2,894,30 00,-149,1
e2 00 00 17 57 0c 01 59 19 20 52 81,2,897,30 00,-206,1
e2 00 00 17 57 0c 01 59 19 20 52 81,2,898,30 00,-202,2
e2 80 69 95 00 00 50 0d 5b e7 f5 1e,2,919,30 00,-36,3
e2 80 69,2,897,30 00,0,1
e2 80 68 94 00 00 40 2c ee 17 29 d3,2,867,30 00,-119,1
e2 00 00 17 57 0c 01 59 19 20 52 81,2,907,30 00,-194,3
e2 80 68 94 00 00 40 2c ee 17 29 d3,2,867,30 00,-118,2
e2 80 68 94 00 00 40 2c ee 17 29 d3,2,875,30 00,-86,3
e2 80 69 95 00 00 50 0d 5b e7 f5 1e,2,871,30 00,-228,4
e2 80 68 94 00 00 40 2c ee 17 29 d3,2,869,30 00,-113,4
e2 80 68 94 00 00 50 2c 14 96 04 9f,2,877,30 00,-204,2
e2 80 11 91 a5 03 00 65 fe f6 96 48,2,913,30 00,-190,1
e2 80 69 95 00 00 50 0d 5b e7 f5 1e,2,884,30 00,-174,5
e2 80 69 95 00 00 50 0d 5b e7 f5 1e,2,895,30 00,-149,6
e2 80 68 94 00 00 40 2c ee 17 29 d3,2,914,30 00,-210,5
e2 80 68 94 00 00 40 2c ee 17 29 d3,2,889,30 00,-40,6
e2 80 11 91 a5 03 00 65 fe f6 96 48,2,919,30 00,-164,2
e2 00 00 17 57 0c 01 59 19 20 52 81,2,867,30 00,-75,4
e2 80 69 95 00 00 50 0d 5b e7 f5 1e,2,919,30 00,-36,7
e2 00 00 17 57 0c 01 59 19 20 52 81,2,914,30 00,-138,5
e2 80 68 94 00 00 40 2c ee 17 29 d3,2,874,30 00,-90,7
e2 80 11 91 a5 03 00 65 fe fa c7 79,2,876,30 00,-187,1
e2 80 68 94 00 00 50 2c 14 96 04 9f,2,888,30 00,-183,3
e2 00 00 17 57 0c 01 59 19 20 52 81,2,908,30 00,-190,6
e2 80 69 95 00 00 50 0d 5b e7 f5 1e,2,900,30 00,-145,8
e2 80 69 95 00 00 50 0d 5b e7 f5 1e,2,874,30 00,-224,9
e2 80 68 94 00 00 50 2c 14 96 04 9f,2,888,30 00,-182,4
e2 80 68 94 00 00 50 2c 14 96 04 9f,2,874,30 00,-219,5
e2 80 11 91 a5 03 00 65 fe fa c7 79,2,887,30 00,-129,2
e2 80 11 91 a5 03 00 65 fe f6 96 48,2,914,30 00,-186,3
e2 80 11 91 a5 03 00 65 fe fa c7 79,2,872,30 00,-201,3
e2 00 00 17 57 0c 01 59 19 20 52 81,2,896,30 00,-213,7
e2 80 69 95 00 00 50 0d 5b e7 f5 1e,2,898,30 00,-152,10
e2 80 69 95 00 00 50 0d 5b e7 f5 1e,2,915,30 00,-52,11
e2 80 69 95 00 00 50 0d 5b e7 f5 1e,2,885,30 00,-172,12
e2 80 68 94 00 00 40 2c ee 17 29 d3,2,869,30 00,-111,8
e2 80 69 95 00 00 50 0d 5b e7 f5 1e,2,904,30 00,-105,13
e2 80 68 94 00 00 50 2c 14 96 04 9f,2,872,30 00,-228,6
e2 00 00 17 57 0c 01 59 19 20 52 81,2,896,30 00,-217,8
e2 80 68 94 00 00 50 2c 14 96 04 9f,2,898,30 00,-125,7
e2 00 00 17 57 0c 01 59 19 20 52 81,2,869,30 00,-78,9
e2 00 00 17 57 0c 01 59 19 20 52 81,2,904,30 00,-193,10
e2 80 68 94 00 00 40 2c ee 17 29 d3,2,897,30 00,-12,9
e2 80 68 94 00 00 50 2c 14 96 04 9f,2,908,30 00,-94,8
e2 80 69 95 00 00 50 0d 5b e7 f5 1e,2,872,30 00,-225,1,2024-05-21 11:07:02
e2 80 69 95 00 00 50 0d 5b e7 f5 1e,2,877,30 00,-236,2,2024-05-21 11:07:02
e2 80 68 94 00 00 40 2c ee 17 29 d3,2,897,30 00,-17,1,2024-05-21 11:07:03
e2 80 11 91 a5 03 00 65 fe fa c7 79,2,890,30 00,-125,1,2024-05-21 11:07:03
e2 80 69 95 00 00 50 0d 5b e7 f5 1e,2,908,30 00,-78,3,2024-05-21 11:07:04
e2 80 68 94 00 00 40 2c ee 17 29 d3,2,900,30 00,-7,2,2024-05-21 11:07:04
e2 80 68 94 00 00 50 2c 14 96 04 9f,2,901,30 00,-119,1,2024-05-21 11:07:05
e2 80 11 91 a5 03 00 65 fe fa c7 79,2,881,30 00,-161,2,2024-05-21 11:07:06
e2 80 11 91 a5 03 00 65 fe fa c7 79,2,878,30 00,-176,3,2024-05-21 11:07:06
e2 80 68 94 00 00 40 2c ee 17 29 d3,2,919,30 00,-194,3,2024-05-21 11:07:07
e2 80 69 95 00 00 50 0d 5b e7 f5 1e,2,907,30 00,-84,4,2024-05-21 11:07:07
e2 80 68 94 00 00 40 2c ee 17 29 d3,2,894,30 00,-26,4,2024-05-21 11:07:08
e2 80 68 94 00 00 50 2c 14 96 04 9f,2,893,30 00,-159,2,2024-05-21 11:07:08
e2 80 68 94 00 00 40 2c ee 17 29 d3,2,887,30 00,-48,5,2024-05-21 11:07:09
e2 80 69 95 00 00 50 0d 5b e7 f5 1e,2,905,30 00,-97,5,2024-05-21 11:07:09
e2 80 11 91 a5 03 00 65 fe f6 96 48,2,905,30 00,-223,1,2024-05-21 11:07:10
e2 80 69 95 00 00 50 0d 5b e7 f5 1e,2,890,30 00,-152,6,2024-05-21 11:07:11
e2 80 69 95 00 00 50 0d 5b e7 f5 1e,2,875,30 00,-232,7,2024-05-21 11:07:12
e2 80 69 95 00 00 50 0d 5b e7 f5 1e,2,905,30 00,-95,8,2024-05-21 11:07:12
e2 80 68 94 00 00 40 2c ee 17 29 d3,2,913,30 00,-211,6,2024-05-21 11:07:13
e2 80 68 94 00 00 50 2c 14 96 04 9f,2,919,30 00,-38,3,2024-05-21 11:07:13
e2 80 69 95 00 00 50 0d 5b e7 f5 1e,2,908,30 00,-80,9,2024-05-21 11:07:14
e2 00 00 17 57 0c 01 59 19 20 52 81,2,882,30 00,-9,1,2024-05-21 11:07:15
e2 80 68 94 00 00 50 2c 14 96 04 9f,2,888,30 00,-176,4,2024-05-21 11:07:15
e2 00 00 17 57 0c 01 59 19 20 52 81,2,907,30 00,-196,2,2024-05-21 11:07:16
e2 80 68 94 00 00 50 2c 14 96 04 9f,2,918,30 00,-39,5,2024-05-21 11:07:16
e2 00 00 17 57 0c 01 59 19 20 52 81,2,907,30 00,-195,3,2024-05-21 11:07:17
e2 80 69 95 00 00 50 0d 5b e7 f5 1e,2,872,30 00,-225,10,2024-05-21 11:07:17
e2 80 68 94 00 00 50 2c 14 96 04 9f,2,906,30 00,-106,6,2024-05-21 11:07:18
e2 80 68 94 00 00 50 2c 14 96 04 9f,2,867,30 00,-2,7,2024-05-21 11:07:19
e2 80 69 95 00 00 50 0d 5b e7 f5 1e,2,901,30 00,-135,11,2024-05-21 11:07:19
e2 00 00 17 57 0c 01 59 19 20 52 81,2,886,30 00,-2,4,2024-05-21 11:07:20
e2 80 68 94 00 00 40 2c ee 17 29 d3,2,887,30 00,-50,7,2024-05-21 11:07:20
e2 80 69 95 00 00 50 0d 5b e7 f5 1e,2,906,30 00,-90,12,2024-05-21 11:07:21
e2 80 69 95 00 00 50 0d 5b e7 f5 1e,2,892,30 00,-144,13,2024-05-21 11:07:22
e2 80 11 91 a5 03 00 65 fe fa c7 79,2,867,30 00,-213,4,2024-05-21 11:07:22
e2 80 69 95 00 00 50 0d 5b e7 f5 1e,2,869,30 00,-233,14,2024-05-21 11:07:23
e2 80 11 91 a5 03 00 65 fe f6 96 48,2,918,30 00,-168,2,2024-05-21 11:07:23
e2 80 69 95 00 00 50 0d 5b e7 f5 1e,2,893,30 00,-141,15,2024-05-21 11:07:24
e2 80 68 94 00 00 40 22 dc e2 d0 61,2,901,30 00,-34,1,2024-05-21 11:07:24
e2 00 00 17 57 0c 01 59 19 20 52 81,2,876,30 00,-53,5,2024-05-21 11:07:25
e2 80 69 95 00 00 50 0d 5b e7 f5 1e,2,884,30 00,-174,16,2024-05-21 11:07:25
e2 80 68 94 00 00 50 2c 14 96 04 9f,2,912,30 00,-75,8,2024-05-21 11:07:26
e2 80 68 94 00 00 50 2c 14 96 04 9f,2,903,30 00,-114,9,2024-05-21 11:07:27
e2 00 00 17 57 0c 01 59 19 20 52 81,2,919,30 00,-118,6,2024-05-21 11:07:27
e2 80 68 94 00 00 40 2c ee 17 29 d3,2,895,30 00,-20,8,2024-05-21 11:07:28
e2 00 00 17 57 0c 01 59 19 20 52 81,2,909,30 00,-186,7,2024-05-21 11:07:28
e2 80 69 95 00 00 50 0d 5b e7 f5 1e,2,878,30 00,-233,17,2024-05-21 11:07:29
e2 80 68 94 00 00 40 2c ee,2,889,30 00,-41,1,2024-05-21 11:07:29
e2 80 69 95 00 00 50 0d 5b e7 f5 1e,2,869,30 00,-236,18,2024-05-21 11:07:30
e2 80 69 95 00 00 50 0d 5b e7 f5 1e,2,881,30 00,-196,19,2024-05-21 11:07:31
e2 00 00 17 57 0c 01 59 19 20 52 81,2,891,30 00,-3,8,2024-05-21 11:07:31
e2 80 11 91 a5 03 00 65 fe fa c7 79,2,890,30 00,-117,5,2024-05-21 11:07:32
e2 00 00 17 57 0c 01 59 19 20 52 81,2,888,30 00,-6,9,2024-05-21 11:07:32
e2 80 11 91 a5 03 00 65 fe fa c7 79,2,869,30 00,-210,6,2024-05-21 11:07:33
e2 80 11 91 a5 03 00 65 fe fa c7 79,2,879,30 00,-172,7,2024-05-21 11:07:34
e2 80 68 94 00 00 40 2c ee 17 29 d3,2,873,30 00,-95,9,2024-05-21 11:07:34
e2 80 68 94 00 00 40 2c ee 17 29 d3,2,897,30 00,-14,10,2024-05-21 11:07:35
e2 80 69 95 00 00 50 0d 5b e7 f5 1e,2,876,30 00,-237,20,2024-05-21 11:07:35
e2 80 69 95 00 00 50 0d 5b e7 f5 1e,2,892,30 00,-144,21,2024-05-21 11:07:36
e2 80 11 91 a5 03 00 65 fe fa c7 79,2,881,30 00,-159,8,2024-05-21 11:07:36
e2 80 68 94 00 00 50 2c 14 96 04 9f,2,892,30 00,-165,10,2024-05-21 11:07:37
e2 80 68 94 00 00 50 2c 14 96 04 9f,2,872,30 00,-235,11,2024-05-21 11:07:38
e2 80 68 94 00 00 50 2c 14 96 04 9f,2,897,30 00,-132,12,2024-05-21 11:07:38
e2 80 68 94 00 00 50 2c 14 96 04 9f,2,879,30 00,-198,13,2024-05-21 11:07:39
e2 80 11 91 a5 03 00 65 fe fa c7 79,2,886,30 00,-133,9,2024-05-21 11:07:39
e2 80 11 91 a5 03 00 65 fe f6 96 48,2,917,30 00,-172,3,2024-05-21 11:07:40
e2 80 69 95 00 00 50 0d 5b e7 f5 1e,2,903,30 00,-117,22,2024-05-21 11:07:40
e2 00 00 17 57 0c 01 59 19 20 52 81,2,905,30 00,-195,10,2024-05-21 11:07:41
e2 80 68 94 00 00 40 2c ee 17 29 d3,2,874,30 00,-91,11,2024-05-21 11:07:42
e2 80 68 94 00 00 40 2c ee 17 29 d3,2,893,30 00,-27,12,2024-05-21 11:07:42
e2 80 68 94 00 00 40 2c ee 17 29 d3,2,895,30 00,-22,13,2024-05-21 11:07:43
e2 80 69 95 00 00 50 0d 5b e7 f5 1e,2,877,30 00,-237,23,2024-05-21 11:07:43
e2 80 69 95 00 00 50 0d 5b e7 f5 1e,2,901,30 00,-133,24,2024-05-21 11:07:44
e2 00 00 17 57 0c 01 59 19 20 52 81,2,874,30 00,-73,11,2024-05-21 11:07:44
e2 80 11 91 a5 03 00 65 fe f6 96 48,2,918,30 00,-168,4,2024-05-21 11:07:45
e2 80 68 94 00 00 50 2c 14 96 04 9f,2,902,30 00,-125,14,2024-05-21 11:07:46
e2 80 68,2,898,30 00,0,1,2024-05-21 11:07:46
e2 00 00 17 57 0c 01 59 19 20 52 81,2,906,30 00,-198,12,2024-05-21 11:07:47
e2 80 69 95 00 00 50 0d 5b e7 f5 1e,2,889,30 00,-156,25,2024-05-21 11:07:47
e2 80 69 95 00 00 50 0d 5b e7 f5 1e,2,886,30 00,-168,26,2024-05-21 11:07:48
e2 80 11 91 a5 03 00 65 fe fa c7 79,2,892,30 00,-124,10,2024-05-21 11:07:48
e2 80 68 94 00 00 50 2c 14 96 04 9f,2,917,30 00,-44,15,2024-05-21 11:07:49
e2 80 11 91 a5 03 00 65 fe fa c7 79,2,894,30 00,-123,11,2024-05-21 11:07:50
e2 80 69 95 00 00 50 0d 5b e7 f5 1e,2,884,30 00,-177,27,2024-05-21 11:07:50
e2 80 69 95 00 00 50 0d 5b e7 f5 1e,2,887,30 00,-164,28,2024-05-21 11:07:51
e2 80 11 91 a5 03 00 65 fe fa c7 79,2,874,30 00,-196,12,2024-05-21 11:07:51
e2 80 11 91 a5 03 00 65 fe f6 96 48,2,908,30 00,-209,5,2024-05-21 11:07:52
e2 80 68 94 00 00 40 22 dc e2 d0 61,2,918,30 00,-206,2,2024-05-21 11:07:52
e2 80 69 95 00 00 50 0d 5b e7 f5 1e,2,919,30 00,-37,29,2024-05-21 11:07:53
e2 80 68 94 00 00 40 2c ee 17 29 d3,2,916,30 00,-203,14,2024-05-21 11:07:54
e2 00 00 17 57 0c 01 59 19 20 52 81,2,886,30 00,-4,13,2024-05-21 11:07:54
e2 00 00 17 57 0c 01 59 19 20 52 81,2,876,30 00,-46,14,2024-05-21 11:07:55
e2 80 11 91 a5 03 00 65 fe fa c7 79,2,891,30 00,-121,13,2024-05-21 11:07:55
e2 80 69 95 00 00 50 0d 5b e7 f5 1e,2,903,30 00,-110,30,2024-05-21 11:07:56
e2 80 68 94 00 00 40 2c ee 17 29 d3,2,867,30 00,-118,15,2024-05-21 11:07:56
e2 80 11 91 a5 03 00 65 fe f6 96 48,2,912,30 00,-194,6,2024-05-21 11:07:57
e2 00 00 17 57 0c 01 59 19 20 52 81,2,909,30 00,-187,15,2024-05-21 11:07:58
e2 80 69 95 00 00 50 0d 5b e7 f5 1e,2,891,30 00,-149,31,2024-05-21 11:07:58
e2 80 68 94 00 00 50 2c 14 96 04 9f,2,873,30 00,-224,16,2024-05-21 11:07:59
e2 80 68 94 00 00 50 2c 14 96 04 9f,2,879,30 00,-195,17,2024-05-21 11:07:59
e2 80 11 91 a5 03 00 65 fe fa c7 79,2,895,30 00,-122,14,2024-05-21 11:08:00
e2 80 68 94 00 00 40 2c ee 17 29 d3,2,885,30 00,-54,16,2024-05-21 11:08:00
e2 00 00 17 57 0c 01 59 19 20 52 81,2,889,30 00,-7,16,2024-05-21 11:08:01
e2 80 69 95 00 00 50 0d 5b e7 f5 1e,2,878,30 00,-232,32,2024-05-21 11:08:02
e2 80 68 94 00 00 50 2c 14 96 04 9f,2,889,30 00,-179,18,2024-05-21 11:08:02
e2 80 68 94 00 00 50 2c 14 96 04 9f,2,901,30 00,-119,19,2024-05-21 11:08:03
e2 80 68 94 00 00 50 2c 14 96 04 9f,2,872,30 00,-232,20,2024-05-21 11:08:03
e2 80 68 94 00 00 40 22 dc e2 d0 61,2,895,30 00,-57,3,2024-05-21 11:08:04
e2 80 11 91 a5 03 00 65 fe f6 96 48,2,914,30 00,-185,7,2024-05-21 11:08:04
e2 80 69 95 00 00 50 0d 5b e7 f5 1e,2,884,30 00,-177,33,2024-05-21 11:08:05
e2 80 69 95 00 00 50 0d 5b e7 f5 1e,2,897,30 00,-146,34,2024-05-21 11:08:06
e2 80 11 91 a5 03 00 65 fe fa c7 79,2,890,30 00,-119,15,2024-05-21 11:08:06
e2 00 00 17 57 0c 01 59 19 20 52 81,2,919,30 00,-121,17,2024-05-21 11:08:07
e2 80 11 91 a5 03 00 65 fe fa c7 79,2,879,30 00,-173,16,2024-05-21 11:08:07
e2 80 11 91 a5 03 00 65 fe fa c7 79,2,887,30 00,-130,17,2024-05-21 11:08:08
e2 80 68 94 00 00 40 22 dc e2 d0 61,2,899,30 00,-40,4,2024-05-21 11:08:08
e2 00 00 17 57 0c 01 59 19 20 52 81,2,867,30 00,-77,18,2024-05-21 11:08:09
e2 00 00 17 57 0c 01 59 19 20 52 81,2,909,30 00,-186,19,2024-05-21 11:08:10
e2 80 68 94 00 00 40 22 dc e2 d0 61,2,904,30 00,-21,5,2024-05-21 11:08:10
e2 80 68 94 00 00 50 2c 14 96 04 9f,2,903,30 00,-121,21,2024-05-21 11:08:11
e2 80 69 95 00 00 50 0d 5b e7 f5 1e,2,904,30 00,-101,35,2024-05-21 11:08:11
e2 00 00 17 57 0c 01 59 19 20 52 81,2,870,30 00,-76,20,2024-05-21 11:08:12
e2 80 68 94 00 00 50 2c 14 96 04 9f,2,872,30 00,-233,22,2024-05-21 11:08:12
e2 80 68 94 00 00 40 22 dc e2 d0 61,2,917,30 00,-215,6,2024-05-21 11:08:13
e2 00 00 17 57 0c 01 59 19 20 52 81,2,919,30 00,-121,21,2024-05-21 11:08:13
e2 80 69 95 00 00 50 0d 5b e7 f5 1e,2,889,30 00,-156,36,2024-05-21 11:08:14
e2 80 68 94 00 00 50 2c 14 96 04 9f,2,867,30 00,-4,23,2024-05-21 11:08:15
e2 80 69 95 00 00 50 0d 5b e7 f5 1e,2,903,30 00,-112,37,2024-05-21 11:08:15
e2 80 68 94 00 00 50 2c 14 96 04 9f,2,902,30 00,-116,24,2024-05-21 11:08:16
e2 80 68 94 00 00 40 2c ee 17 29 d3,2,904,30 00,-245,17,2024-05-21 11:08:16
e2 80 68 94 00 00 50 2c 14 96 04 9f,2,914,30 00,-60,25,2024-05-21 11:08:17
e2 80 11 91 a5 03 00 65 fe fa c7 79,2,873,30 00,-201,18,2024-05-21 11:08:17
e2 80 68 94 00 00 50 2c 14 96 04 9f,2,892,30 00,-167,26,2024-05-21 11:08:18
e2 80 11 91 a5 03 00 65 fe fa c7 79,2,868,30 00,-210,19,2024-05-21 11:08:19
e2 80 11 91 a5 03 00 65 fe fa c7 79,2,876,30 00,-189,20,2024-05-21 11:08:19
e2 80 68 94 00 00 40 2c ee 17 29 d3,2,883,30 00,-63,18,2024-05-21 11:08:20
e2 80 68 94 00 00 40 2c ee 17 29 d3,2,879,30 00,-73,19,2024-05-21 11:08:20
e2 00 00 17 57 0c 01 59 19 20 52 81,2,916,30 00,-128,22,2024-05-21 11:08:21
e2 80 68 94 00 00 40 2c ee 17 29 d3,2,879,30 00,-77,20,2024-05-21 11:08:21
e2 80 68 94 00 00 40 2c ee 17 29 d3,2,868,30 00,-115,21,2024-05-21 11:08:22
e2 80 11 91 a5 03 00 65 fe fa c7 79,2,876,30 00,-188,21,2024-05-21 11:08:23
e2 00 00 17 57 0c 01 59 19 20 52 81,2,918,30 00,-122,23,2024-05-21 11:08:23
e2 80 69 95 00 00 50 0d 5b e7 f5 1e,2,893,30 00,-142,38,2024-05-21 11:08:24
e2 80 11 91 a5 03 00 65 fe fa c7 79,2,878,30 00,-176,22,2024-05-21 11:08:24
e2 80 11 91 a5 03 00 65 fe fa c7 79,2,867,30 00,-216,23,2024-05-21 11:08:25
e2 80 11 91 a5 03 00 65 fe fa c7 79,2,867,30 00,-215,24,2024-05-21 11:08:25
e2 80 69 95 00 00 50 0d 5b e7 f5 1e,2,909,30 00,-77,39,2024-05-21 11:08:26
e2 80 69 95 00 00 50 0d 5b e7 f5 1e,2,906,30 00,-89,40,2024-05-21 11:08:27
e2 80 11 91 a5 03 00 65 fe fa c7 79,2,893,30 00,-119,25,2024-05-21 11:08:27
e2 80 69 95 00 00 50 0d 5b e7 f5 1e,2,906,30 00,-90,41,2024-05-21 11:08:28
e2 80 11 91 a5 03 00 65 fe fa c7 79,2,890,30 00,-126,26,2024-05-21 11:08:28
e2 80 68 94 00 00 40 22 dc e2 d0 61,2,918,30 00,-214,7,2024-05-21 11:08:29
e2 80 11 91 a5 03 00 65 fe fa c7 79,2,883,30 00,-150,27,2024-05-21 11:08:29
e2 80 68 94 00 00 50 2c 14 96 04 9f,2,919,30 00,-37,27,2024-05-21 11:08:30
e2 80 68 94 00 00 50 2c 14 96 04 9f,2,878,30 00,-207,28,2024-05-21 11:08:31
e2 80 68 94 00 00 40 2c ee 17 29 d3,2,912,30 00,-215,22,2024-05-21 11:08:31
e2 80 68 94 00 00 40 2c ee 17 29 d3,2,867,30 00,-111,23,2024-05-21 11:08:32
e2 80 69 95 00 00 50 0d 5b e7 f5 1e,2,896,30 00,-150,42,2024-05-21 11:08:32
e2 80 68 94 00 00 40 2c ee 17 29 d3,2,886,30 00,-48,24,2024-05-21 11:08:33
e2 00 00 17 57 0c 01 59 19 20 52 81,2,884,30 00,-5,24,2024-05-21 11:08:33
e2 00 00 17 57 0c 01 59 19 20 52 81,2,909,30 00,-185,25,2024-05-21 11:08:34
e2 80 68 94 00 00 50 2c 14 96 04 9f,2,890,30 00,-171,29,2024-05-21 11:08:35
e2 80 11 91 a5 03 00 65 fe fa c7 79,2,869,30 00,-210,28,2024-05-21 11:08:35
e2 80 68 94 00 00 50 2c 14 96 04 9f,2,899,30 00,-127,30,2024-05-21 11:08:36
e2 80 68 94 00 00 50 2c 14 96 04 9f,2,878,30 00,-208,31,2024-05-21 11:08:36
e2 80 11 91 a5 03 00 65 fe fa c7 79,2,889,30 00,-124,29,2024-05-21 11:08:37
e2 00 00 17 57 0c 01 59 19 20 52 81,2,905,30 00,-202,26,2024-05-21 11:08:37
e2 00 00 17 57 0c 01 59 19 20 52 81,2,919,30 00,-119,27,2024-05-21 11:08:38
e2 80 68 94 00 00 50 2c 14 96 04 9f,2,875,30 00,-213,32,2024-05-21 11:08:39
e2 80 68 94 00 00 40 22 dc e2 d0 61,2,916,30 00,-215,8,2024-05-21 11:08:39
e2 80 69 95 00 00 50 0d 5b e7 f5 1e,2,885,30 00,-172,43,2024-05-21 11:08:40
e2 80 11 91 a5 03 00 65 fe fa c7 79,2,884,30 00,-147,30,2024-05-21 11:08:40
e2 00 00 17 57 0c 01 59 19 20 52 81,2,918,30 00,-123,28,2024-05-21 11:08:41
e2 80 68 94 00 00 40 2c ee 17 29 d3,2,907,30 00,-235,25,2024-05-21 11:08:41
e2 00 00,2,869,30 00,-87,1,2024-05-21 11:08:42
e2 80 68 94 00 00 40 2c ee 17 29 d3,2,888,30 00,-44,26,2024-05-21 11:08:43
e2 80 11 91 a5 03 00 65 fe fa c7 79,2,877,30 00,-184,31,2024-05-21 11:08:43
e2 00 00 17 57 0c 01 59 19 20 52 81,2,903,30 00,-185,29,2024-05-21 11:08:44
e2 80 68 94 00 00 50 2c 14 96 04 9f,2,875,30 00,-213,33,2024-05-21 11:08:44
e2 80 69 95 00 00 50 0d 5b e7 f5 1e,2,891,30 00,-149,44,2024-05-21 11:08:45
e2 80 68 94 00 00 50 2c 14 96 04 9f,2,877,30 00,-208,34,2024-05-21 11:08:45
e2 00 00 17 57 0c 01 59 19 20 52 81,2,900,30 00,-194,30,2024-05-21 11:08:46
e2 80 69 95 00 00 50 0d 5b e7 f5 1e,2,918,30 00,-39,45,2024-05-21 11:08:47
e2 00 00 17 57 0c 01 59 19 20 52 81,2,905,30 00,-193,31,2024-05-21 11:08:47
e2 80 68 94 00 00 40 22 dc e2 d0 61,2,903,30 00,-26,9,2024-05-21 11:08:48
e2 80 69 95 00 00 50 0d 5b e7 f5 1e,2,873,30 00,-224,46,2024-05-21 11:08:48
e2 00 00 17 57 0c 01 59 19 20 52 81,2,908,30 00,-193,32,2024-05-21 11:08:49
e2 80 69 95 00 00 50 0d 5b e7 f5 1e,2,916,30 00,-48,47,2024-05-21 11:08:49
e2 00 00 17 57 0c 01 59 19 20 52 81,2,880,30 00,-19,33,2024-05-21 11:08:50
e2 80 69 95 00 00 50 0d 5b e7 f5 1e,2,892,30 00,-145,48,2024-05-21 11:08:51
e2 80 69 95 00 00 50 0d 5b e7 f5 1e,2,893,30 00,-143,49,2024-05-21 11:08:51
e2 80 68 94 00 00 40 2c ee 17 29 d3,2,907,30 00,-233,27,2024-05-21 11:08:52
e2 00 00 17 57 0c 01 59 19 20 52 81,2,874,30 00,-73,34,2024-05-21 11:08:52
e2 00 00,2,891,30 00,-87,2,2024-05-21 11:08:53
e2 80 11 91 a5 03 00 65 fe fa c7 79,2,877,30 00,-185,32,2024-05-21 11:08:53
e2 80 68 94 00 00 50 2c 14 96 04 9f,2,889,30 00,-180,35,2024-05-21 11:08:54
e2 80 69 95 00 00 50 0d 5b e7 f5 1e,2,884,30 00,-177,50,2024-05-21 11:08:55
e2 80 68 94 00 00 40 2c ee 17 29 d3,2,871,30 00,-106,28,2024-05-21 11:08:55
e2 80 69 95 00 00 50 0d 5b e7 f5 1e,2,917,30 00,-45,51,2024-05-21 11:08:56
e2 80 68 94 00 00 50 2c 14 96 04 9f,2,893,30 00,-160,36,2024-05-21 11:08:56
e2 80 11 91 a5 03 00 65 fe fa c7 79,2,871,30 00,-204,33,2024-05-21 11:08:57
e2 80 68 94 00 00 50 2c 14 96 04 9f,2,897,30 00,-128,37,2024-05-21 11:08:57
e2 00 00 17 57 0c 01 59 19 20 52 81,2,895,30 00,-220,35,2024-05-21 11:08:58
e2 80 68 94 00 00 40 2c ee 17 29 d3,2,891,30 00,-36,29,2024-05-21 11:08:59
e2 80 68 94 00 00 50 2c 14 96 04 9f,2,915,30 00,-55,38,2024-05-21 11:08:59
e2 00 00 17 57 0c 01 59 19 20 52 81,2,885,30 00,-1,36,2024-05-21 11:09:00
e2 80 11 91 a5 03 00 65 fe f6 96 48,2,908,30 00,-212,8,2024-05-21 11:09:00
e2 80 68 94 00 00 50 2c 14 96 04 9f,2,871,30 00,-241,39,2024-05-21 11:09:01
e2 80 68 94 00 00 50 2c 14 96 04 9f,2,906,30 00,-106,40,2024-05-21 11:09:01
e2 80 69 95 00 00 50 0d 5b e7 f5 1e,2,919,30 00,-36,52,2024-05-21 11:09:02
e2 80 68 94 00 00 40 2c ee 17 29 d3,2,885,30 00,-59,30,2024-05-21 11:09:03
e2 80 69 95 00 00 50 0d 5b e7 f5 1e,2,888,30 00,-161,53,2024-05-21 11:09:03
e2 80 68 94 00 00 40 2c ee 17 29 d3,2,879,30 00,-75,31,2024-05-21 11:09:04
e2 80 11 91 a5 03 00 65 fe fa c7 79,2,878,30 00,-181,34,2024-05-21 11:09:04
e2 80 69 95 00 00 50 0d 5b e7 f5 1e,2,890,30 00,-152,54,2024-05-21 11:09:05
e2 80 11 91 a5 03 00 65 fe f6 96 48,2,908,30 00,-212,9,2024-05-21 11:09:05
e2 80 68 94 00 00 40 2c ee 17 29 d3,2,892,30 00,-27,32,2024-05-21 11:09:06
e2 80 11 91 a5 03 00 65 fe f6 96 48,2,917,30 00,-172,10,2024-05-21 11:09:06
e2 80 68 94 00 00 50 2c 14 96 04 9f,2,888,30 00,-182,41,2024-05-21 11:09:07
e2 80 68 94 00 00 50 2c 14 96 04 9f,2,907,30 00,-102,42,2024-05-21 11:09:08
e2 80 11 91 a5 03 00 65 fe fa c7 79,2,868,30 00,-214,35,2024-05-21 11:09:08
e2 80 68 94 00 00 40 2c ee 17 29 d3,2,896,30 00,-17,33,2024-05-21 11:09:09
e2 80 68 94 00 00 40 2c ee 17 29 d3,2,908,30 00,-231,34,2024-05-21 11:09:09
e2 80 68 94 00 00 50 2c 14 96 04 9f,2,889,30 00,-172,43,2024-05-21 11:09:10
e2 80 69 95 00 00 50 0d 5b e7 f5 1e,2,915,30 00,-53,55,2024-05-21 11:09:11
e2 80 69 95 00 00 50 0d 5b e7 f5 1e,2,897,30 00,-153,56,2024-05-21 11:09:11
e2 00 00 17 57 0c 01 59 19 20 52 81,2,881,30 00,-15,37,2024-05-21 11:09:12
e2 00 00 17 57 0c 01 59 19 20 52 81,2,901,30 00,-190,38,2024-05-21 11:09:12
e2 80 69 95 00 00 50 0d 5b e7 f5 1e,2,876,30 00,-238,57,2024-05-21 11:09:13
e2 80 68 94 00 00 40 2c ee 17 29 d3,2,908,30 00,-230,35,2024-05-21 11:09:13
e2 80 68 94 00 00 50 2c 14 96 04 9f,2,872,30 00,-230,44,2024-05-21 11:09:14
e2 00 00 17 57 0c 01 59 19 20 52 81,2,891,30 00,-5,39,2024-05-21 11:09:15
e2 00 00 17 57 0c 01 59 19 20 52 81,2,917,30 00,-125,40,2024-05-21 11:09:15
e2 80 11 91 a5 03 00 65 fe f6 96 48,2,916,30 00,-176,11,2024-05-21 11:09:16
e2 80 11 91 a5 03 00 65 fe fa c7 79,2,891,30 00,-124,36,2024-05-21 11:09:16
e2 80 68 94 00 00 50 2c 14 96 04 9f,2,915,30 00,-56,45,2024-05-21 11:09:17
e2 00 00 17 57 0c 01 59 19 20 52 81,2,903,30 00,-187,41,2024-05-21 11:09:17
e2 00 00 17 57 0c 01 59 19 20 52 81,2,897,30 00,-205,42,2024-05-21 11:09:18
e2 80 69 95 00 00 50 0d 5b e7 f5 1e,2,912,30 00,-65,58,2024-05-21 11:09:19
e2 80 11 91 a5 03 00 65 fe fa c7 79,2,887,30 00,-128,37,2024-05-21 11:09:19
e2 80 69 95 00 00 50 0d 5b e7 f5 1e,2,889,30 00,-156,59,2024-05-21 11:09:20
e2 80 69 95 00 00 50 0d 5b e7 f5 1e,2,887,30 00,-165,60,2024-05-21 11:09:20
e2 80 11 91 a5 03 00 65 fe fa c7 79,2,879,30 00,-175,38,2024-05-21 11:09:21
e2 80 68 94 00 00 50 2c 14 96 04 9f,2,871,30 00,-239,46,2024-05-21 11:09:21
e2 80 69 95 00 00 50 0d 5b e7 f5 1e,2,883,30 00,-183,61,2024-05-21 11:09:22
e2 00 00 17 57 0c 01 59 19 20 52 81,2,901,30 00,-190,43,2024-05-21 11:09:22
e2 80 68 94 00 00 40 2c ee 17 29 d3,2,881,30 00,-73,36,2024-05-21 11:09:23
e2 80 69 95 00 00 50 0d 5b e7 f5 1e,2,873,30 00,-226,62,2024-05-21 11:09:24
e2 80 69 95 00 00 50 0d 5b e7 f5 1e,2,915,30 00,-54,63,2024-05-21 11:09:24
e2 80 68 94 00 00 50 2c 14 96 04 9f,2,895,30 00,-151,47,2024-05-21 11:09:25
e2 80 69 95 00 00 50 0d 5b e7 f5 1e,2,914,30 00,-57,64,2024-05-21 11:09:25
e2 80 11 91 a5 03 00 65 fe fa c7 79,2,873,30 00,-204,39,2024-05-21 11:09:26
e2 80 68 94 00 00 50 2c 14 96 04 9f,2,918,30 00,-40,48,2024-05-21 11:09:27
e2 00 00 17 57 0c 01 59 19 20 52 81,2,883,30 00,-6,44,2024-05-21 11:09:27
e2 80 11 91 a5 03 00 65 fe fa c7 79,2,871,30 00,-205,40,2024-05-21 11:09:28
e2 80 68 94 00 00 40 2c ee 17 29 d3,2,899,30 00,-4,37,2024-05-21 11:09:28
e2 80 11 91 a5 03 00 65 fe fa c7 79,2,884,30 00,-142,41,2024-05-21 11:09:29
e2 80 68 94 00 00 40 22 dc e2 d0 61,2,903,30 00,-28,10,2024-05-21 11:09:29
e2 80 68 94 00 00 40 2c ee 17 29 d3,2,872,30 00,-101,38,2024-05-21 11:09:30
e2 80 68 94 00 00 40 2c ee 17 29 d3,2,901,30 00,-1,39,2024-05-21 11:09:31
e2 00 00 17 57 0c 01 59 19 20 52 81,2,916,30 00,-129,45,2024-05-21 11:09:31
e2 80 68 94 00 00 50 2c 14 96 04 9f,2,918,30 00,-44,49,2024-05-21 11:09:32
e2 80 68 94 00 00 50 2c 14 96 04 9f,2,873,30 00,-226,50,2024-05-21 11:09:32
e2 80 68 94 00 00 50 2c 14 96 04 9f,2,907,30 00,-103,51,2024-05-21 11:09:33
e2 80 11 91 a5 03 00 65 fe f6 96 48,2,908,30 00,-212,12,2024-05-21 11:09:33
e2 00 00 17 57 0c 01 59 19 20 52 81,2,879,30 00,-24,46,2024-05-21 11:09:34
e2 80 68 94 00 00 40 2c ee 17 29 d3,2,875,30 00,-86,40,2024-05-21 11:09:35
e2 80 68 94 00 00 40 2c ee 17 29 d3,2,885,30 00,-57,41,2024-05-21 11:09:35
e2 80 69 95 00 00 50 0d 5b e7 f5 1e,2,880,30 00,-213,65,2024-05-21 11:09:36
e2 80 68 94 00 00 50 2c 14 96 04 9f,2,912,30 00,-74,52,2024-05-21 11:09:37
e2 80 68 94 00 00 40 2c ee 17 29 d3,2,906,30 00,-238,42,2024-05-21 11:09:37
e2 00 00 17 57 0c 01 59 19 20 52 81,2,902,30 00,-188,47,2024-05-21 11:09:38
e2 00 00 17 57 0c 01 59 19 20 52 81,2,887,30 00,-5,48,2024-05-21 11:09:39
e2 80 69 95 00 00 50 0d 5b e7 f5 1e,2,898,30 00,-150,66,2024-05-21 11:09:39
e2 80 68 94 00 00 40 22 dc e2 d0 61,2,902,30 00,-28,11,2024-05-21 11:09:40
e2 80 68 94 00 00 40 2c ee 17 29 d3,2,879,30 00,-79,43,2024-05-21 11:09:40
e2 00 00 17 57 0c 01 59 19 20 52 81,2,919,30 00,-120,49,2024-05-21 11:09:41
e2 80 68 94 00 00 40 2c ee 17 29 d3,2,907,30 00,-232,44,2024-05-21 11:09:41
e2 80 11 91 a5 03 00 65 fe fa c7 79,2,874,30 00,-198,42,2024-05-21 11:09:42
e2 80 69 95 00 00 50 0d 5b e7 f5 1e,2,888,30 00,-161,67,2024-05-21 11:09:43
e2 80 68 94 00 00 50 2c 14 96 04 9f,2,917,30 00,-45,53,2024-05-21 11:09:43
e2 00 00 17 57 0c 01 59 19 20 52 81,2,888,30 00,-5,50,2024-05-21 11:09:44
e2 80 68 94 00 00 40 22 dc e2 d0 61,2,898,30 00,-44,12,2024-05-21 11:09:44
e2 80 68 94 00 00 40 2c ee 17 29 d3,2,898,30 00,-10,45,2024-05-21 11:09:45
e2 80 11 91 a5 03 00 65 fe fa c7 79,2,884,30 00,-147,43,2024-05-21 11:09:45
e2 80 68 94 00 00 40 2c ee 17 29 d3,2,891,30 00,-35,46,2024-05-21 11:09:46
e2 00 00 17 57 0c 01 59 19 20 52 81,2,897,30 00,-208,51,2024-05-21 11:09:47
e2 80 11 91 a5 03 00 65 fe f6 96 48,2,916,30 00,-177,13,2024-05-21 11:09:47
e2 80 68 94 00 00 40 2c ee 17 29 d3,2,900,30 00,-5,47,2024-05-21 11:09:48
e2 80 68 94 00 00 50 2c 14 96 04 9f,2,886,30 00,-193,54,2024-05-21 11:09:48
e2 80 69 95 00 00 50 0d 5b e7 f5 1e,2,919,30 00,-39,68,2024-05-21 11:09:49
00 00 00,2,860,00 00,-204,1,2024-05-21 11:09:50
e2 00 00 17 57 0c 01 59 19 20 52 81,2,896,30 00,-217,52,2024-05-21 11:09:50
e2 80 68 94 00 00 50 2c 14 96 04 9f,2,908,30 00,-97,55,2024-05-21 11:09:51
e2 80 68 94 00 00 40 2c ee 17 29 d3,2,903,30 00,-249,48,2024-05-21 11:09:51
e2 00 00 17 57 0c 01 59 19 20 52 81,2,888,30 00,-11,53,2024-05-21 11:09:52
e2 80 69 95 00 00 50 0d 5b e7 f5 1e,2,889,30 00,-157,69,2024-05-21 11:09:53
e2 80 69 95 00 00 50 0d 5b e7 f5 1e,2,890,30 00,-153,70,2024-05-21 11:09:53
e2 80 68 94 00 00 50 2c 14 96 04 9f,2,893,30 00,-162,56,2024-05-21 11:09:54
e2 80 68 94 00 00 40 2c ee 17 29 d3,2,907,30 00,-232,49,2024-05-21 11:09:54
e2 80 11 91 a5 03 00 65 fe fa c7 79,2,879,30 00,-174,44,2024-05-21 11:09:55
e2 00 00 17 57 0c,2,906,30 00,-89,1,2024-05-21 11:09:55
e2 00 00 17 57 0c 01 59 19 20 52 81,2,888,30 00,-9,54,2024-05-21 11:09:56
e2 00 00 17 57 0c 01 59 19 20 52 81,2,875,30 00,-64,55,2024-05-21 11:09:57
e2 80 68 94 00 00 40 2c ee 17 29 d3,2,867,30 00,-117,50,2024-05-21 11:09:57
e2 80 11 91 a5 03 00 65 fe fa c7 79,2,884,30 00,-146,45,2024-05-21 11:09:58
e2 80 69 95 00 00 50 0d 5b e7 f5 1e,2,884,30 00,-177,71,2024-05-21 11:09:58
e2 80 69 95 00 00 50 0d 5b e7 f5 1e,2,894,30 00,-150,72,2024-05-21 11:09:59
e2 80 69 95 00 00 50 0d 5b e7 f5 1e,2,887,30 00,-165,73,2024-05-21 11:09:59
e2 80 68 94 00 00 40 2c ee 17 29 d3,2,879,30 00,-72,51,2024-05-21 11:10:00
e2 80 69 95 00 00 50 0d 5b e7 f5 1e,2,883,30 00,-182,74,2024-05-21 11:10:01
e2 80 11 91 a5 03 00 65 fe fa c7 79,2,877,30 00,-184,46,2024-05-21 11:10:01
e2 80 69 95 00 00 50 0d 5b e7 f5 1e,2,905,30 00,-94,75,2024-05-21 11:10:02
e2 00 00 17 57 0c 01 59 19 20 52 81,2,894,30 00,-235,56,2024-05-21 11:10:02
e2 80 68 94 00 00 40 2c ee 17 29 d3,2,884,30 00,-59,52,2024-05-21 11:10:03
e2 80 68 94 00 00 50 2c 14 96 04 9f,2,889,30 00,-179,57,2024-05-21 11:10:03
e2 80 68 94 00 00 40 2c ee 17 29 d3,2,867,30 00,-120,53,2024-05-21 11:10:04
e2 80 68 94 00 00 50 2c 14 96 04 9f,2,868,30 00,-254,58,2024-05-21 11:10:05
e2 80 11 91 a5 03 00 65 fe fa c7 79,2,890,30 00,-125,47,2024-05-21 11:10:05
e2 80 69 95 00 00 50 0d 5b e7 f5 1e,2,894,30 00,-143,76,2024-05-21 11:10:06
e2 80 69 95 00 00 50 0d 5b e7 f5 1e,2,872,30 00,-225,77,2024-05-21 11:10:06
e2 80 11 91 a5 03 00 65 fe fa c7 79,2,890,30 00,-131,48,2024-05-21 11:10:07
e2 80 69 95 00 00 50 0d 5b e7 f5 1e,2,882,30 00,-189,78,2024-05-21 11:10:07
e2 80 69 95 00 00 50 0d 5b e7 f5 1e,2,893,30 00,-141,79,2024-05-21 11:10:08
e2 80 68 94 00 00 40 2c ee 17 29 d3,2,880,30 00,-78,54,2024-05-21 11:10:09
e2 80 68 94 00 00 50 2c 14 96 04 9f,2,891,30 00,-172,59,2024-05-21 11:10:09
e2 80 68 94 00 00 40 2c ee 17 29 d3,2,876,30 00,-83,55,2024-05-21 11:10:10
e2 80 68 94 00 00 50 2c 14 96 04 9f,2,916,30 00,-51,60,2024-05-21 11:10:10
e2 00 00 17 57 0c 01 59 19 20 52 81,2,902,30 00,-188,57,2024-05-21 11:10:11
e2 00 00 17 57 0c 01 59 19 20 52 81,2,918,30 00,-121,58,2024-05-21 11:10:11
e2 80 68 94 00 00 50 2c 14 96 04 9f,2,919,30 00,-41,61,2024-05-21 11:10:12
e2 00 00 17 57 0c 01 59 19 20 52 81,2,891,30 00,-5,59,2024-05-21 11:10:12
e2 80 68 94 00 00 50 2c 14 96 04 9f,2,912,30 00,-74,62,2024-05-21 11:10:13
e2 80 68 94 00 00 40 2c ee 17 29 d3,2,916,30 00,-200,56,2024-05-21 11:10:14
e2 00 00 17 57 0c 01 59 19 20 52 81,2,899,30 00,-198,60,2024-05-21 11:10:14
e2 80 69 95 00 00 50 0d 5b e7 f5 1e,2,876,30 00,-238,80,2024-05-21 11:10:15
e2 80 11 91 a5 03 00 65 fe fa c7 79,2,873,30 00,-201,49,2024-05-21 11:10:15
e2 00 00 17 57 0c 01 59 19 20 52 81,2,913,30 00,-144,61,2024-05-21 11:10:16
e2 80 11 91 a5 03 00 65 fe fa c7 79,2,883,30 00,-150,50,2024-05-21 11:10:16
e2 80 69 95 00 00 50 0d 5b e7 f5 1e,2,909,30 00,-77,81,2024-05-21 11:10:17
e2 80 68 94 00 00 50 2c 14 96 04 9f,2,872,30 00,-231,63,2024-05-21 11:10:18
e2 80 11 91 a5 03 00 65 fe fa c7 79,2,867,30 00,-217,51,2024-05-21 11:10:18
e2 80 69 95 00 00 50 0d 5b e7 f5 1e,2,877,30 00,-233,82,2024-05-21 11:10:19
e2 80 68 94 00 00 50 2c 14 96 04 9f,2,903,30 00,-121,64,2024-05-21 11:10:19
e2 00 00 17 57 0c 01 59 19 20 52 81,2,890,30 00,-9,62,2024-05-21 11:10:20
e2 80 68 94 00 00 40 2c ee 17 29 d3,2,906,30 00,-237,57,2024-05-21 11:10:20
e2 80 68 94 00 00 50 2c 14 96 04 9f,2,907,30 00,-103,65,2024-05-21 11:10:21
e2 80 68 94 00 00 50 2c 14 96 04 9f,2,870,30 00,-243,66,2024-05-21 11:10:22
e2 80 68 94 00 00 40 2c ee 17 29 d3,2,889,30 00,-43,58,2024-05-21 11:10:22
e2 80 69 95 00 00 50 0d 5b e7 f5 1e,2,884,30 00,-177,83,2024-05-21 11:10:23
e2 80 68 94 00 00 50 2c 14 96 04 9f,2,893,30 00,-160,67,2024-05-21 11:10:23
e2 80 11 91 a5 03 00 65 fe fa c7 79,2,885,30 00,-140,52,2024-05-21 11:10:24
e2 80 11 91 a5 03 00 65 fe fa c7 79,2,886,30 00,-136,53,2024-05-21 11:10:24
e2 80 69 95 00 00 50 0d 5b e7 f5 1e,2,883,30 00,-185,84,2024-05-21 11:10:25
e2 00 00 17 57 0c 01 59 19 20 52 81,2,889,30 00,-9,63,2024-05-21 11:10:26
e2 80 68 94 00 00 40 2c ee 17 29 d3,2,872,30 00,-98,59,2024-05-21 11:10:26
e2 80 69 95 00 00 50 0d 5b e7 f5 1e,2,895,30 00,-152,85,2024-05-21 11:10:27
e2 80 68 94 00 00 40 2c ee 17 29 d3,2,880,30 00,-71,60,2024-05-21 11:10:27
e2 00 00 17 57 0c 01 59 19 20 52 81,2,894,30 00,-231,64,2024-05-21 11:10:28
e2 80 69 95 00 00 50 0d 5b e7 f5 1e,2,882,30 00,-188,86,2024-05-21 11:10:28
e2 80 69 95 00 00 50 0d 5b e7 f5 1e,2,897,30 00,-155,87,2024-05-21 11:10:29
e2 80 11 91 a5 03 00 65 fe f6 96 48,2,919,30 00,-164,14,2024-05-21 11:10:30
e2 80 68 94 00 00 40 22 dc e2 d0 61,2,912,30 00,-240,13,2024-05-21 11:10:30
e2 80 68 94 00 00 40 2c ee 17 29 d3,2,902,30 00,-253,61,2024-05-21 11:10:31
e2 80 68 94 00 00 40 2c ee 17 29 d3,2,876,30 00,-86,62,2024-05-21 11:10:31
e2 00 00 17 57 0c 01 59 19 20 52 81,2,893,30 00,-243,65,2024-05-21 11:10:32
e2 80 68,2,901,30 00,0,2,2024-05-21 11:10:32
e2 80 68 94 00 00 50 2c 14 96 04 9f,2,889,30 00,-178,68,2024-05-21 11:10:33
e2 80 11 91 a5 03 00 65 fe fa c7 79,2,889,30 00,-127,54,2024-05-21 11:10:34
e2 80 69 95 00 00 50 0d 5b e7 f5 1e,2,875,30 00,-235,88,2024-05-21 11:10:34
e2 80 68 94 00 00 40 2c ee 17 29 d3,2,908,30 00,-231,63,2024-05-21 11:10:35
e2 00 00 17 57 0c 01 59 19 20 52 81,2,882,30 00,-10,66,2024-05-21 11:10:35
e2 80 68 94 00 00 50 2c 14 96 04 9f,2,867,30 00,-3,69,2024-05-21 11:10:36
e2 80 69 95 00 00 50 0d 5b e7 f5 1e,2,913,30 00,-61,89,2024-05-21 11:10:36
e2 80 69 95 00 00 50 0d 5b e7 f5 1e,2,906,30 00,-90,90,2024-05-21 11:10:37
e2 00 00 17 57 0c 01 59 19 20 52 81,2,906,30 00,-200,67,2024-05-21 11:10:38
e2 80 68 94 00 00 40 22 dc e2 d0 61,2,914,30 00,-235,14,2024-05-21 11:10:38
e2 80 69 95 00 00 50 0d 5b e7 f5 1e,2,904,30 00,-101,91,2024-05-21 11:10:39
e2 80 11 91 a5 03 00 65 fe fa c7 79,2,868,30 00,-216,55,2024-05-21 11:10:39
e2 80 68 94 00 00 40 22 dc e2 d0 61,2,909,30 00,-2,15,2024-05-21 11:10:40
e2 80 68 94 00 00 40 2c ee 17 29 d3,2,894,30 00,-25,64,2024-05-21 11:10:40
e2 80 69 95 00 00 50 0d 5b e7 f5 1e,2,881,30 00,-203,92,2024-05-21 11:10:41
e2 80 11 91 a5 03 00 65 fe fa c7 79,2,874,30 00,-198,56,2024-05-21 11:10:42
e2 80 68 94 00 00 50 2c 14 96 04 9f,2,885,30 00,-194,70,2024-05-21 11:10:42
e2 80 69 95 00 00 50 0d 5b e7 f5 1e,2,898,30 00,-152,93,2024-05-21 11:10:43
e2 80 11 91 a5 03 00 65 fe fa c7 79,2,883,30 00,-152,57,2024-05-21 11:10:43
e2 80 68 94 00 00 40 2c ee 17 29 d3,2,884,30 00,-60,65,2024-05-21 11:10:44
e2 80 68 94 00 00 50 2c 14 96 04 9f,2,876,30 00,-217,71,2024-05-21 11:10:44
e2 80 69 95 00 00 50 0d 5b e7 f5 1e,2,868,30 00,-241,94,2024-05-21 11:10:45
e2 80 68 94 00 00 40 2c ee 17 29 d3,2,906,30 00,-237,66,2024-05-21 11:10:46
e2 80 68 94 00 00 50 2c 14 96 04 9f,2,897,30 00,-132,72,2024-05-21 11:10:46
e2 80 11 91 a5 03 00 65 fe fa c7 79,2,870,30 00,-212,58,2024-05-21 11:10:47
e2 00 00 17 57 0c 01 59 19 20 52 81,2,901,30 00,-191,68,2024-05-21 11:10:47
e2 80 68 94 00 00 40 2c ee 17 29 d3,2,870,30 00,-104,67,2024-05-21 11:10:48
e2 00 00 17 57 0c 01 59 19 20 52 81,2,905,30 00,-194,69,2024-05-21 11:10:48
e2 80 68 94 00 00 50 2c 14 96 04 9f,2,895,30 00,-148,73,2024-05-21 11:10:49
e2 80 68 94 00 00 50 2c 14 96 04 9f,2,900,30 00,-131,74,2024-05-21 11:10:50
e2 80 11 91 a5 03 00 65 fe fa c7 79,2,872,30 00,-206,59,2024-05-21 11:10:50
e2 00 00 17 57 0c 01 59 19 20 52 81,2,897,30 00,-207,70,2024-05-21 11:10:51
e2 00 00 17 57 0c 01 59 19 20 52 81,2,903,30 00,-185,71,2024-05-21 11:10:51
e2 80 11 91 a5 03 00 65 fe fa c7 79,2,875,30 00,-196,60,2024-05-21 11:10:52
e2 80 69 95 00 00 50 0d 5b e7 f5 1e,2,879,30 00,-225,95,2024-05-21 11:10:52
e2 80 69 95 00 00 50 0d 5b e7 f5 1e,2,894,30 00,-141,96,2024-05-21 11:10:53
e2 00 00 17 57 0c 01 59 19 20 52 81,2,889,30 00,-11,72,2024-05-21 11:10:54
e2 80 68 94 00 00 40 22 dc e2 d0 61,2,914,30 00,-238,16,2024-05-21 11:10:54
e2 80 69 95 00 00 50 0d 5b e7 f5 1e,2,887,30 00,-164,97,2024-05-21 11:10:55
e2 80 69 95 00 00 50 0d 5b e7 f5 1e,2,902,30 00,-113,98,2024-05-21 11:10:55
e2 80 68 94 00 00 40 2c ee 17 29 d3,2,882,30 00,-69,68,2024-05-21 11:10:56
e2 00 00 17 57 0c 01 59 19 20 52 81,2,893,30 00,-244,73,2024-05-21 11:10:56
e2 80 68 94 00 00 40 2c ee 17 29 d3,2,881,30 00,-76,69,2024-05-21 11:10:57
e2 80 69 95 00 00 50 0d 5b e7 f5 1e,2,873,30 00,-223,99,2024-05-21 11:10:58
e2 80 11 91 a5 03 00 65 fe fa c7 79,2,873,30 00,-202,61,2024-05-21 11:10:58
e2 80 68 94 00 00 40 2c ee 17 29 d3,2,889,30 00,-42,70,2024-05-21 11:10:59
e2 00 00 17 57 0c 01 59 19,2,893,30 00,-82,1,2024-05-21 11:10:59
e2 00 00 17 57 0c 01 59 19 20 52 81,2,886,30 00,-3,74,2024-05-21 11:11:00
e2 80 69 95 00 00 50 0d 5b e7 f5 1e,2,903,30 00,-120,100,2024-05-21 11:11:00
e2 80 68 94 00 00 40 2c ee 17 29 d3,2,873,30 00,-97,71,2024-05-21 11:11:01
e2 80 68 94 00 00 40 22 dc e2 d0 61,2,909,30 00,0,17,2024-05-21 11:11:02
e2 80 68 94 00 00 40 22 dc e2 d0 61,2,917,30 00,-218,18,2024-05-21 11:11:02
e2 80 68 94 00 00 50 2c 14 96 04 9f,2,905,30 00,-112,75,2024-05-21 11:11:03
e2 80 68 94 00 00 50 2c 14 96 04 9f,2,869,30 00,-250,76,2024-05-21 11:11:03
e2 80 69 95 00 00 50 0d 5b e7 f5 1e,2,893,30 00,-143,101,2024-05-21 11:11:04
e2 80 69 95 00 00 50 0d 5b e7 f5 1e,2,869,30 00,-237,102,2024-05-21 11:11:04
e2 00 00 17 57 0c 01 59 19 20 52 81,2,875,30 00,-64,75,2024-05-21 11:11:05
e2 80 11 91 a5 03 00 65 fe fa c7 79,2,882,30 00,-158,62,2024-05-21 11:11:06
e2 80 68 94 00 00 40 22 dc e2 d0 61,2,905,30 00,-15,19,2024-05-21 11:11:06
e2 80 69 95 00 00 50 0d 5b e7 f5 1e,2,870,30 00,-233,103,2024-05-21 11:11:07
e2 00 00 17 57 0c 01 59 19 20 52 81,2,878,30 00,-40,76,2024-05-21 11:11:07
e2 00 00 17 57 0c 01 59 19 20 52 81,2,883,30 00,-7,77,2024-05-21 11:11:08
e2 80 69 95 00 00 50 0d 5b e7 f5 1e,2,870,30 00,-231,104,2024-05-21 11:11:08
e2 00 00 17 57 0c 01 59 19 20 52 81,2,906,30 00,-199,78,2024-05-21 11:11:09
e2 80 68 94 00 00 40 2c ee 17 29 d3,2,877,30 00,-87,72,2024-05-21 11:11:10
e2 80 11 91 a5 03 00 65 fe fa c7 79,2,881,30 00,-155,63,2024-05-21 11:11:10
e2 80 69 95 00 00 50 0d 5b e7 f5 1e,2,871,30 00,-229,1,2024-05-21 15:12:05
e2 80 11 91 a5 03 00 65 fe fa c7 79,2,880,30 00,-171,1,2024-05-21 15:12:06
e2 80 68 94 00 00 40 2c ee 17 29 d3,2,917,30 00,-201,1,2024-05-21 15:12:06
e2 80 69 95 00 00 50 0d 5b e7 f5 1e,2,897,30 00,-152,2,2024-05-21 15:12:07
e2 00 00 17 57 0c 01 59 19 20 52 81,2,904,30 00,-193,1,2024-05-21 15:12:08
e2 80 69 95 00 00 50 0d 5b e7 f5 1e,2,895,30 00,-150,3,2024-05-21 15:12:08
e2 00 00 17 57 0c 01 59 19 20 52 81,2,901,30 00,-191,2,2024-05-21 15:12:09
e2 80 69 95 00 00 50 0d 5b e7 f5 1e,2,891,30 00,-147,4,2024-05-21 15:12:09
e2 80 68 94 00 00 40 22 dc e2 d0 61,2,903,30 00,-27,1,2024-05-21 15:12:10
e2 00 00 17 57 0c 01 59 19 20 52 81,2,891,30 00,-5,3,2024-05-21 15:12:10
e2 00 00 17 57 0c 01 59 19 20 52 81,2,879,30 00,-24,4,2024-05-21 15:12:11
e2 80 11 91 a5 03 00 65 fe fa c7 79,2,872,30 00,-204,2,2024-05-21 15:12:11
e2 80 11 91 a5 03 00 65 fe fa c7 79,2,889,30 00,-125,3,2024-05-21 15:12:12
e2 00 00 17 57 0c 01 59 19 20 52 81,2,903,30 00,-185,5,2024-05-21 15:12:13
e2 80 68 94 00 00 50 2c 14 96 04 9f,2,880,30 00,-200,1,2024-05-21 15:12:13
e2 80 68 94 00 00 50 2c 14 96 04 9f,2,895,30 00,-153,2,2024-05-21 15:12:14
e2 80 68 94 00 00 50 2c 14 96 04 9f,2,886,30 00,-191,3,2024-05-21 15:12:14
e2 00 00 17 57 0c 01 59 19 20 52 81,2,904,30 00,-192,6,2024-05-21 15:12:15
e2 80 68 94 00 00 50 2c 14 96 04 9f,2,905,30 00,-108,4,2024-05-21 15:12:15
e2 80 69 95 00 00 50 0d 5b e7 f5 1e,2,874,30 00,-228,5,2024-05-21 15:12:16
e2 80 68 94 00 00 50 2c 14 96 04 9f,2,884,30 00,-198,5,2024-05-21 15:12:17
e2 80 68 94 00 00 40 2c ee 17 29 d3,2,894,30 00,-25,2,2024-05-21 15:12:17
e2 80 69 95 00 00 50 0d 5b e7 f5 1e,2,905,30 00,-94,6,2024-05-21 15:12:18
e2 80 11 91 a5 03 00 65 fe fa c7 79,2,872,30 00,-205,4,2024-05-21 15:12:18
e2 80 11 91 a5 03 00 65 fe fa c7 79,2,879,30 00,-174,5,2024-05-21 15:12:19
e2 80 11 91 a5 03 00 65 fe fa c7 79,2,869,30 00,-213,6,2024-05-21 15:12:19
e2 80 68 94 00 00 40 22 dc e2 d0 61,2,902,30 00,-24,2,2024-05-21 15:12:20
e2 00 00 17 57 0c 01 59 19 20 52 81,2,899,30 00,-197,7,2024-05-21 15:12:21
e2 00 00 17 57 0c 01 59 19 20 52 81,2,868,30 00,-78,8,2024-05-21 15:12:21
e2 00 00 17 57 0c 01 59 19 20 52 81,2,905,30 00,-194,9,2024-05-21 15:12:22
e2 80 68 94 00 00 50 2c 14 96 04 9f,2,900,30 00,-128,6,2024-05-21 15:12:22
e2 80 68 94 00 00 40 2c ee 17 29 d3,2,870,30 00,-107,3,2024-05-21 15:12:23
e2 80 68 94 00 00 50 2c 14 96 04 9f,2,867,30 00,-3,7,2024-05-21 15:12:23
e2 00 00 17 57 0c 01 59 19 20 52 81,2,874,30 00,-72,10,2024-05-21 15:12:24
e2 80 69 95 00 00 50 0d 5b e7 f5 1e,2,877,30 00,-237,7,2024-05-21 15:12:25
e2 80 68 94 00 00 50 2c 14 96 04 9f,2,895,30 00,-139,8,2024-05-21 15:12:25
e2 80 11 91 a5 03 00 65 fe fa c7 79,2,892,30 00,-122,7,2024-05-21 15:12:26
e2 80 68 94 00 00 50 2c 14 96 04 9f,2,867,30 00,-3,9,2024-05-21 15:12:26
e2 80 68 94 00 00 40 2c ee 17 29 d3,2,881,30 00,-74,4,2024-05-21 15:12:27
e2 00 00 17 57 0c 01 59 19 20 52 81,2,912,30 00,-151,11,2024-05-21 15:12:27
e2 80 68 94 00 00 50 2c 14 96 04 9f,2,867,30 00,-3,10,2024-05-21 15:12:28
e2 80 68 94 00 00 40 2c ee 17 29 d3,2,869,30 00,-120,1,2024-05-21 15:17:41,2024-05-21 15:17:41
e2 80 69 95 00 00 50 0d 5b e7 f5 1e,2,867,30 00,-247,1,2024-05-21 15:17:42,2024-05-21 15:17:42
e2 80 68 94 00 00 40 2c ee 17 29 d3,2,891,30 00,-47,2,2024-05-21 15:17:43,2024-05-21 15:17:43
e2 80 69 95 00 00 50 0d 5b e7 f5 1e,2,885,30 00,-182,2,2024-05-21 15:17:43,2024-05-21 15:17:43
e2 80 69 95 00 00 50 0d 5b e7 f5 1e,2,879,30 00,-226,3,2024-05-21 15:17:44,2024-05-21 15:17:44
e2 80 69 95 00 00 50 0d 5b e7 f5 1e,2,871,30 00,-228,4,2024-05-21 15:17:45,2024-05-21 15:17:45
e2 00 00 17 57 0c 01 59 19 20 52 81,2,919,30 00,-135,1,2024-05-21 15:17:45,2024-05-21 15:17:45
e2 80 69 95 00 00 50 0d 5b e7 f5 1e,2,872,30 00,-224,5,2024-05-21 15:17:46,2024-05-21 15:17:46
e2 80 69 95 00 00 50 0d 5b e7 f5 1e,2,875,30 00,-214,6,2024-05-21 15:17:46,2024-05-21 15:17:46
e2 00 00 17 57 0c 01 59 19 20 52 81,2,913,30 00,-176,2,2024-05-21 15:17:47,2024-05-21 15:17:47
e2 80 68 94 00 00 40 2c ee 17 29 d3,2,891,30 00,-50,3,2024-05-21 15:17:47,2024-05-21 15:17:47
e2 80 69 95 00 00 50 0d 5b e7 f5 1e,2,879,30 00,-218,7,2024-05-21 15:17:48,2024-05-21 15:17:48
e2 80 68 94 00 00 40 2c ee 17 29 d3,2,881,30 00,-90,4,2024-05-21 15:17:49,2024-05-21 15:17:49
e2 00 00 17 57 0c 01 59 19 20 52 81,2,906,30 00,-190,3,2024-05-21 15:17:49,2024-05-21 15:17:49
e2 00 00 17 57 0c 01 59 19 20 52 81,2,906,30 00,-193,4,2024-05-21 15:17:50,2024-05-21 15:17:50
e2 80 68 94 00 00 40 2c ee 17 29 d3,2,888,30 00,-63,5,2024-05-21 15:17:50,2024-05-21 15:17:50
e2 00 00 17 57 0c 01 59 19 20 52 81,2,918,30 00,-142,5,2024-05-21 15:17:51,2024-05-21 15:17:51
e2 80 68 94 00 00 40 2c ee 17 29 d3,2,881,30 00,-94,6,2024-05-21 15:17:52,2024-05-21 15:17:52
e2 80 69 95 00 00 50 0d 5b e7 f5 1e,2,899,30 00,-122,8,2024-05-21 15:17:52,2024-05-21 15:17:52
e2 80 69 95 00 00 50 0d 5b e7 f5 1e,2,917,30 00,-45,9,2024-05-21 15:17:53,2024-05-21 15:17:53
e2 80 69 95 00 00 50 0d 5b e7 f5 1e,2,901,30 00,-117,10,2024-05-21 15:17:53,2024-05-21 15:17:53
e2 80 69 95 00 00 50 0d 5b e7 f5 1e,2,870,30 00,-232,11,2024-05-21 15:17:54,2024-05-21 15:17:54
e2 80 68 94 00 00 40 2c ee 17 29 d3,2,873,30 00,-120,7,2024-05-21 15:17:54,2024-05-21 15:17:54
e2 80 69 95 00 00 50 0d 5b e7 f5 1e,2,894,30 00,-137,12,2024-05-21 15:17:55,2024-05-21 15:17:55
e2 80 69 95 00 00 50 0d 5b e7 f5 1e,2,884,30 00,-196,13,2024-05-21 15:17:56,2024-05-21 15:17:56
e2 80 69 95 00 00 50 0d 5b e7 f5 1e,2,912,30 00,-71,14,2024-05-21 15:17:56,2024-05-21 15:17:56
e2 00 00 17 57 0c 01 59 19 20 52 81,2,909,30 00,-181,6,2024-05-21 15:17:57,2024-05-21 15:17:57
e2 80 69 95 00 00 50 0d 5b e7 f5 1e,2,901,30 00,-117,15,2024-05-21 15:17:57,2024-05-21 15:17:57
e2 80 68 94 00 00 40 2c ee 17 29 d3,2,886,30 00,-61,8,2024-05-21 15:17:58,2024-05-21 15:17:58
e2 80 68 94 00 00 40 2c ee 17 29 d3,2,875,30 00,-113,9,2024-05-21 15:17:58,2024-05-21 15:17:58
e2 80 69 95 00 00 50 0d 5b e7 f5 1e,2,892,30 00,-146,16,2024-05-21 15:17:59,2024-05-21 15:17:59
e2 80 69 95 00 00,2,905,30 00,-13,1,2024-05-21 15:18:00,2024-05-21 15:18:00
e2 80 69 95 00 00 50 0d 5b e7 f5 1e,2,895,30 00,-138,17,2024-05-21 15:18:00,2024-05-21 15:18:00
e2 80 69 95 00 00 50 0d 5b e7 f5 1e,2,906,30 00,-116,18,2024-05-21 15:18:01,2024-05-21 15:18:01
e2 80 69 95 00 00 50 0d 5b e7 f5 1e,2,908,30 00,-105,19,2024-05-21 15:18:01,2024-05-21 15:18:01
e2 80 69 95 00 00 50 0d 5b e7 f5 1e,2,891,30 00,-150,20,2024-05-21 15:18:02,2024-05-21 15:18:02
e2 00 00 17 57 0c 01 59 19 20 52 81,2,915,30 00,-169,7,2024-05-21 15:18:02,2024-05-21 15:18:02
e2 80 68 94 00 00 40 2c ee 17 29 d3,2,871,30 00,-112,1,2024-05-21 15:19:06,2024-05-21 11:19:06
e2 80 69 95 00 00 50 0d 5b e7 f5 1e,2,889,30 00,-163,1,2024-05-21 15:19:07,2024-05-21 11:19:07
e2 80 69 95 00 00 50 0d 5b e7 f5 1e,2,886,30 00,-170,2,2024-05-21 15:19:08,2024-05-21 11:19:08
e2 80 68 94 00 00 40 2c ee 17 29 d3,2,875,30 00,-112,2,2024-05-21 15:19:09,2024-05-21 11:19:09
e2 80 69 95 00 00 50 0d 5b e7 f5 1e,2,909,30 00,-103,3,2024-05-21 15:19:09,2024-05-21 11:19:09
e2 80 69 95 00 00 50 0d 5b e7 f5 1e,2,872,30 00,-224,4,2024-05-21 15:19:10,2024-05-21 11:19:10
e2 00 00 17 57 0c 01 59 19 20 52 81,2,912,30 00,-181,1,2024-05-21 15:19:10,2024-05-21 11:19:10
e2 80 69 95 00 00 50 0d 5b e7 f5 1e,2,871,30 00,-228,5,2024-05-21 15:19:11,2024-05-21 11:19:11
e2 80 69 95 00 00 50 0d 5b e7 f5 1e,2,876,30 00,-219,6,2024-05-21 15:19:12,2024-05-21 11:19:12
e2 80 69 95 00 00 50 0d 5b e7 f5 1e,2,898,30 00,-121,7,2024-05-21 15:19:12,2024-05-21 11:19:12
e2 80 69 95 00 00 50 0d 5b e7 f5 1e,2,919,30 00,-38,8,2024-05-21 15:19:13,2024-05-21 11:19:13
e2 80 68 94 00 00 40 2c ee 17 29 d3,2,875,30 00,-101,3,2024-05-21 15:19:13,2024-05-21 11:19:13
e2 80 69 95 00 00 50 0d 5b e7 f5 1e,2,908,30 00,-112,9,2024-05-21 15:19:14,2024-05-21 11:19:14
e2 80 69 95 00 00 50 0d 5b e7 f5 1e,2,885,30 00,-180,10,2024-05-21 15:19:14,2024-05-21 11:19:14
e2 80 69 95 00 00 50 0d 5b e7 f5 1e,2,887,30 00,-188,11,2024-05-21 15:19:15,2024-05-21 11:19:15
e2 80 69 95 00 00 50 0d 5b e7 f5 1e,2,889,30 00,-169,12,2024-05-21 15:19:16,2024-05-21 11:19:16
e2 80 69 95 00 00 50 0d 5b e7 f5 1e,2,890,30 00,-160,13,2024-05-21 15:19:16,2024-05-21 11:19:16
e2 80 69 95 00 00 50 0d 5b e7 f5 1e,2,894,30 00,-138,14,2024-05-21 15:19:17,2024-05-21 11:19:17
e2 80 69 95 00 00 50 0d 5b e7 f5 1e,2,888,30 00,-171,15,2024-05-21 15:19:17,2024-05-21 11:19:17
e2 00 47 0d 62 00 60 26 57 a9 01 0c,2,912,34 00,-59,1,2024-05-21 22:19:39,2024-05-21 18:19:39
e2 80 69 95 00 00 50 0d 5b e7 f5 1e,2,901,30 00,-166,1,2024-05-21 22:19:40,2024-05-21 18:19:40
e2 80 11 91 a5 03 00 65 fe fa c7 79,2,912,30 00,-100,1,2024-05-21 22:19:40,2024-05-21 18:19:40
e2 80 69 95 00 00 50 0d 5b e7 f5 1e,2,876,30 00,-3,2,2024-05-21 22:19:41,2024-05-21 18:19:41
e2 00 47 0d 62 00 60 26 57 a9 01 0c,2,896,34 00,-124,2,2024-05-21 22:19:42,2024-05-21 18:19:42
e2 00 47 0d 62 00 60 26 57 a9 01 0c,2,903,34 00,-81,3,2024-05-21 22:19:42,2024-05-21 18:19:42
e2 80 69 95 00 00 70 04 0f 73 31 88,2,886,30 00,-229,1,2024-05-21 22:19:43,2024-05-21 18:19:43
e2 00 47 0d 62 00,2,902,34 00,-38,1,2024-05-21 22:19:43,2024-05-21 18:19:43
e2 80 69 95 00 00 50 0d 5b e7 f5 1e,2,916,30 00,-114,3,2024-05-21 22:19:44,2024-05-21 18:19:44
e2 00 47 0d 62 00 60 26 57 a9 01 0c,2,914,34 00,-38,4,2024-05-21 22:19:44,2024-05-21 18:19:44
e2 00 47 0d 62 00 60 26 57 a9 01 0c,2,892,34 00,-148,5,2024-05-21 22:19:45,2024-05-21 18:19:45
e2 80 11 70 00 00 02 19 31 1d 52 91,2,883,34 00,-223,1,2024-05-21 22:19:46,2024-05-21 18:19:46
e2 80 11 70 00 00 02 19 31 1d 52 91,2,900,34 00,-157,2,2024-05-21 22:19:46,2024-05-21 18:19:46
e2 80 11 70 00 00 02 19 31 1d 52 91,2,919,34 00,-81,3,2024-05-21 22:19:47,2024-05-21 18:19:47
e2 00 47 0d 62 00 60 26 57 a9 01 0c,2,874,34 00,-223,6,2024-05-21 22:19:47,2024-05-21 18:19:47
e2 80 69 95 00 00 50 0d 5b e7 f5 1e,2,891,30 00,-205,4,2024-05-21 22:19:48,2024-05-21 18:19:48
e2 80 11 70 00 00 02 19 31 1d 52 91,2,899,34 00,-158,4,2024-05-21 22:19:48,2024-05-21 18:19:48
e2 80 11 91 a5 03 00 65 fe fa c7 79,2,916,30 00,-63,2,2024-05-21 22:19:49,2024-05-21 18:19:49
e2 80 69 95 00 00 50 0d 5b e7 f5 1e,2,876,30 00,-2,5,2024-05-21 22:19:50,2024-05-21 18:19:50
e2 80 69 95 00 00 50 0d 5b e7 f5 1e,2,916,30 00,-117,6,2024-05-21 22:19:50,2024-05-21 18:19:50
e2 80 69 95 00 00 70 04 0f 73 31 88,2,886,30 00,-227,2,2024-05-21 22:19:51,2024-05-21 18:19:51
e2 00 47 0d 62 00 60 26 57 a9 01 0c,2,902,34 00,-86,7,2024-05-21 22:19:51,2024-05-21 18:19:51
e2 00 47 0d 62 00 60 26 57 a9 01 0c,2,873,34 00,-226,8,2024-05-21 22:19:52,2024-05-21 18:19:52
e2 80 69 95 00 00 50 0d 5b e7 f5 1e,2,919,30 00,-104,7,2024-05-21 22:19:52,2024-05-21 18:19:52
e2 80 69 95 00 00 50 0d 5b e7 f5 1e,2,902,30 00,-165,8,2024-05-21 22:19:53,2024-05-21 18:19:53
e2 00 47 0d 62 00 60 26 57 a9 01 0c,2,884,34 00,-163,9,2024-05-21 22:19:54,2024-05-21 18:19:54
e2 00 47 0d 62 00 60 26 57 a9 01 0c,2,900,34 00,-91,10,2024-05-21 22:19:54,2024-05-21 18:19:54
e2 80 69 95 00 00 70 04 0f 73 31 88,2,881,30 00,-247,3,2024-05-21 22:19:55,2024-05-21 18:19:55
e2 00 47 0d 62 00 60 26 57 a9 01 0c,2,876,34 00,-215,11,2024-05-21 22:19:55,2024-05-21 18:19:55
e2 80 11 70 00 00 02 19 31 1d 52 91,2,885,34 00,-215,5,2024-05-21 22:19:56,2024-05-21 18:19:56
e2 80 11 91 a5 03 00 65 fe fa c7 79,2,914,30 00,-69,3,2024-05-21 22:19:56,2024-05-21 18:19:56
e2 80 11 70 00 00 02 19 31 1d 52 91,2,902,34 00,-147,6,2024-05-21 22:19:57,2024-05-21 18:19:57
e2 80 11 70 00 00 02 19 31 1d 52 91,2,909,34 00,-120,7,2024-05-21 22:19:58,2024-05-21 18:19:58
e2 00 47 0d 62 00 60 26 57 a9 01 0c,2,867,34 00,-244,12,2024-05-21 22:19:58,2024-05-21 18:19:58
e2 80 69 95 00 00 50 0d 5b e7 f5 1e,2,880,30 00,-244,9,2024-05-21 22:19:59,2024-05-21 18:19:59
e2 00 47 0d 62 00 60 26 57 a9 01 0c,2,871,34 00,-233,13,2024-05-21 22:19:59,2024-05-21 18:19:59
e2 00 47 0d 62 00 60 26 57 a9 01 0c,2,912,34 00,-56,14,2024-05-21 22:20:00,2024-05-21 18:20:00
e2 80 69 95 00 00 70 04 0f 73 31 88,2,870,30 00,-30,4,2024-05-21 22:20:01,2024-05-21 18:20:01
e2 80 11 70 00 00 02 19 31 1d 52 91,2,898,34 00,-161,8,2024-05-21 22:20:01,2024-05-21 18:20:01
e2 80 69 95 00 00 50 0d 5b e7 f5 1e,2,901,30 00,-167,10,2024-05-21 22:20:02,2024-05-21 18:20:02
e2 80 69 95 00 00 70 04 0f 73 31 88,2,873,30 00,-17,5,2024-05-21 22:20:02,2024-05-21 18:20:02
e2 80 11 91 a5 03 00 65 fe fa c7 79,2,909,30 00,-93,4,2024-05-21 22:20:03,2024-05-21 18:20:03
e2 00 47 0d 62 00 60 26 57 a9 01 0c,2,895,34 00,-130,15,2024-05-21 22:20:03,2024-05-21 18:20:03
e2 00 47 0d 62 00 60 26 57 a9 01 0c,2,905,34 00,-83,16,2024-05-21 22:20:04,2024-05-21 18:20:04
e2 00 47 0d 62 00 60 26 57 a9 01 0c,2,892,34 00,-149,17,2024-05-21 22:20:04,2024-05-21 18:20:04
e2 00 47 0d 62 00 60 26 57 a9 01 0c,2,902,34 00,-85,18,2024-05-21 22:20:05,2024-05-21 18:20:05
e2 80 69 95 00 00 70 04 0f 73 31 88,2,875,30 00,-8,6,2024-05-21 22:20:06,2024-05-21 18:20:06
e2 80 69 95 00 00 70 04 0f 73 31 88,2,878,30 00,-254,7,2024-05-21 22:20:06,2024-05-21 18:20:06
e2 80 69 95 00 00 70 04 0f 73 31 88,2,871,30 00,-26,8,2024-05-21 22:20:07,2024-05-21 18:20:07
e2 80 11 70 00 00 02 19 31 1d 52 91,2,897,34 00,-169,9,2024-05-21 22:20:07,2024-05-21 18:20:07
e2 00 47 0d 62 00 60 26 57 a9 01 0c,2,894,34 00,-139,19,2024-05-21 22:20:08,2024-05-21 18:20:08
e2 80 69 95 00 00 70 04 0f 73 31 88,2,882,30 00,-240,9,2024-05-21 22:20:08,2024-05-21 18:20:08
e2 00 47 0d 62 00 60 26 57 a9 01 0c,2,919,34 00,-17,20,2024-05-21 22:20:09,2024-05-21 18:20:09
e2 80 69 95 00 00 70 04 0f 73 31 88,2,877,30 00,-254,10,2024-05-21 22:20:10,2024-05-21 18:20:10
e2 00 47 0d 62 00 60 26 57 a9 01 0c,2,915,34 00,-31,21,2024-05-21 22:20:10,2024-05-21 18:20:10
e2 00 47 0d 62 00 60 26 57 a9 01 0c,2,889,34 00,-156,22,2024-05-21 22:20:11,2024-05-21 18:20:11
e2 00 47 0d 62 00 60 26 57 a9 01 0c,2,897,34 00,-112,23,2024-05-21 22:20:11,2024-05-21 18:20:11
e2 80 11 70 00 00 02 19 31 1d 52 91,2,904,34 00,-136,10,2024-05-21 22:20:12,2024-05-21 18:20:12
e2 80 69 95 00 00 50 0d 5b e7 f5 1e,2,903,30 00,-164,11,2024-05-21 22:20:12,2024-05-21 18:20:12
e2 80 69 95 00 00,2,907,30 00,-13,1,2024-05-21 22:20:13,2024-05-21 18:20:13
e2 80 69 95 00 00 50 0d 5b e7 f5 1e,2,899,30 00,-173,12,2024-05-21 22:20:14,2024-05-21 18:20:14
e2 80 69 95 00 00 50 0d 5b e7 f5 1e,2,883,30 00,-230,13,2024-05-21 22:20:14,2024-05-21 18:20:14
e2 00 47 0d 62 00 60 26 57 a9 01 0c,2,904,34 00,-86,24,2024-05-21 22:20:15,2024-05-21 18:20:15
e2 00 47 0d 62 00 60 26 57 a9 01 0c,2,891,34 00,-152,25,2024-05-21 22:20:15,2024-05-21 18:20:15
e2 00 47 0d 62 00 60 26 57 a9 01 0c,2,878,34 00,-209,26,2024-05-21 22:20:16,2024-05-21 18:20:16
e2 80 69 95 00 00 50 0d 5b e7 f5 1e,2,868,30 00,-26,14,2024-05-21 22:20:16,2024-05-21 18:20:16
e2 80 11 70 00 00 02 19 31 1d 52 91,2,914,34 00,-98,11,2024-05-21 22:20:17,2024-05-21 18:20:17
e2 00 47 0d 62 00 60 26 57 a9 01 0c,2,899,34 00,-101,27,2024-05-21 22:20:18,2024-05-21 18:20:18
e2 80 11 70 00 00 02 19 31 1d 52 91,2,893,34 00,-183,12,2024-05-21 22:20:18,2024-05-21 18:20:18
e2 80 69 95 00 00 50 0d 5b e7 f5 1e,2,879,30 00,-251,15,2024-05-21 22:20:19,2024-05-21 18:20:19
e2 00 47 0d 62 00 60 26 57 a9 01 0c,2,883,34 00,-180,28,2024-05-21 22:20:19,2024-05-21 18:20:19
e2 80 11 70 00 00 02 19 31 1d 52 91,2,904,34 00,-140,13,2024-05-21 22:20:20,2024-05-21 18:20:20
e2 80 69 95 00 00 50 0d 5b e7 f5 1e,2,906,30 00,-151,16,2024-05-21 22:20:20,2024-05-21 18:20:20
e2 80 69 95 00 00 50 0d 5b e7 f5 1e,2,868,30 00,-28,17,2024-05-21 22:20:21,2024-05-21 18:20:21
e2 80 69 95 00 00 50 0d 5b e7 f5 1e,2,887,30 00,-221,18,2024-05-21 22:20:21,2024-05-21 18:20:21
e2 80 11 70 00 00 02 19 31 1d 52 91,2,888,34 00,-205,14,2024-05-21 22:20:22,2024-05-21 18:20:22
e2 00 47 0d 62 00 60 26 57 a9 01 0c,2,877,34 00,-213,29,2024-05-21 22:20:23,2024-05-21 18:20:23
e2 80 11 70 00 00 02 19 31 1d 52 91,2,893,34 00,-189,15,2024-05-21 22:20:23,2024-05-21 18:20:23
e2 80 11 70 00 00 02 19 31 1d 52 91,2,897,34 00,-170,16,2024-05-21 22:20:24,2024-05-21 18:20:24
e2 80 11 70 00 00 02 19 31 1d 52 91,2,895,34 00,-179,17,2024-05-21 22:20:24,2024-05-21 18:20:24
e2 80 69 95 00 00 50 0d 5b e7 f5 1e,2,871,30 00,-14,19,2024-05-21 22:20:25,2024-05-21 18:20:25
e2 80 11 70 00 00 02 19 31 1d 52 91,2,892,34 00,-187,18,2024-05-21 22:20:25,2024-05-21 18:20:25
e2 80 69 95 00 00 50 0d 5b e7 f5 1e,2,903,30 00,-158,20,2024-05-21 22:20:26,2024-05-21 18:20:26
e2 80 69 95 00 00 50 0d 5b e7 f5 1e,2,901,30 00,-168,21,2024-05-21 22:20:27,2024-05-21 18:20:27
e2 00 47 0d 62 00 60 26 57 a9 01 0c,2,919,34 00,-17,30,2024-05-21 22:20:27,2024-05-21 18:20:27
e2 00 47 0d 62 00 60 26 57 a9 01 0c,2,912,34 00,-60,31,2024-05-21 22:20:28,2024-05-21 18:20:28
e2 00 47 0d 62 00 60 26 57 a9 01 0c,2,880,34 00,-199,32,2024-05-21 22:20:28,2024-05-21 18:20:28
e2 80 11 70 00 00 02 19 31 1d 52 91,2,877,34 00,-252,19,2024-05-21 22:20:29,2024-05-21 18:20:29
e2 00 47 0d 62 00 60 26 57 a9 01 0c,2,899,34 00,-98,33,2024-05-21 22:20:30,2024-05-21 18:20:30
e2 80 69 95 00 00 50 0d 5b e7 f5 1e,2,898,30 00,-184,22,2024-05-21 22:20:30,2024-05-21 18:20:30
e2 80 69 95 00 00 50 0d 5b e7 f5 1e,2,870,30 00,-17,23,2024-05-21 22:20:31,2024-05-21 18:20:31
e2 00 47 0d 62 00 60 26 57 a9 01 0c,2,904,34 00,-84,34,2024-05-21 22:20:31,2024-05-21 18:20:31
e2 80 69 95 00 00 50 0d 5b e7 f5 1e,2,899,30 00,-177,24,2024-05-21 22:20:32,2024-05-21 18:20:32
e2 80 11 70 00 00 02 19 31 1d 52 91,2,903,34 00,-144,20,2024-05-21 22:20:32,2024-05-21 18:20:32
e2 80 69 95 00 00 50 0d 5b e7 f5 1e,2,882,30 00,-244,25,2024-05-21 22:20:33,2024-05-21 18:20:33
e2 00 47 0d 62 00 60 26 57 a9 01 0c,2,912,34 00,-57,35,2024-05-21 22:20:34,2024-05-21 18:20:34
e2 00 47 0d 62 00 60 26 57 a9 01 0c,2,904,34 00,-91,36,2024-05-21 22:20:34,2024-05-21 18:20:34
e2 00 47 0d 62 00 60 26 57 a9 01 0c,2,896,34 00,-124,37,2024-05-21 22:20:35,2024-05-21 18:20:35
e2 80 69 95 00 00 50 0d 5b e7 f5 1e,2,875,30 00,-13,26,2024-05-21 22:20:35,2024-05-21 18:20:35
e2 80 69 95 00 00 50 0d 5b e7 f5 1e,2,891,30 00,-206,27,2024-05-21 22:20:36,2024-05-21 18:20:36
e2 00 47 0d 62 00 60 26 57 a9 01 0c,2,907,34 00,-88,38,2024-05-21 22:20:36,2024-05-21 18:20:36
e2 80 68 94 00 00 50 2c 14 96 04 9f,2,917,30 00,-100,1,2024-05-21 22:20:37,2024-05-21 18:20:37
e2 80 69 95 00 00 50 0d 5b e7 f5 1e,2,893,30 00,-203,28,2024-05-21 22:20:37,2024-05-21 18:20:37
e2 80 11 70 00 00 02 19 31 1d 52 91,2,902,34 00,-148,21,2024-05-21 22:20:38,2024-05-21 18:20:38
e2 00 47 0d 62 00 60 26 57 a9 01 0c,2,893,34 00,-143,39,2024-05-21 22:20:39,2024-05-21 18:20:39
e2 80 11 70 00 00 02 19 31 1d 52 91,2,912,34 00,-107,22,2024-05-21 22:20:39,2024-05-21 18:20:39
e2 80 69 95 00 00 50 0d 5b e7 f5 1e,2,894,30 00,-199,29,2024-05-21 22:20:40,2024-05-21 18:20:40
e2 80 69 95 00 00 50 0d 5b e7 f5 1e,2,912,30 00,-126,30,2024-05-21 22:20:40,2024-05-21 18:20:40
e2 00 47 0d 62 00 60 26 57 a9 01 0c,2,909,34 00,-82,40,2024-05-21 22:20:41,2024-05-21 18:20:41
e2 00 47 0d 62 00 60 26 57 a9 01 0c,2,886,34 00,-167,41,2024-05-21 22:20:42,2024-05-21 18:20:42
e2 80 69 95 00 00 50 0d 5b e7 f5 1e,2,908,30 00,-141,31,2024-05-21 22:20:42,2024-05-21 18:20:42
e2 80 11 70 00 00 02 19 31 1d 52 91,2,907,34 00,-127,23,2024-05-21 22:20:43,2024-05-21 18:20:43
e2 00 47 0d 62 00 60 26 57 a9 01 0c,2,914,34 00,-45,42,2024-05-21 22:20:43,2024-05-21 18:20:43
e2 80 69 95 00 00 50 0d 5b e7 f5 1e,2,869,30 00,-21,32,2024-05-21 22:20:44,2024-05-21 18:20:44
e2 80 69 95 00 00 50 0d 5b e7 f5 1e,2,871,30 00,-10,33,2024-05-21 22:20:44,2024-05-21 18:20:44
e2 80 11 70 00 00 02 19 31 1d 52 91,2,907,34 00,-128,24,2024-05-21 22:20:45,2024-05-21 18:20:45
e2 80 69 95 00 00 50 0d 5b e7 f5 1e,2,904,30 00,-162,34,2024-05-21 22:20:46,2024-05-21 18:20:46
e2 80 69 95 00 00 50 0d 5b e7 f5 1e,2,914,30 00,-120,35,2024-05-21 22:20:46,2024-05-21 18:20:46
e2 80 69 95 00 00 50 0d 5b e7 f5 1e,2,870,30 00,-16,36,2024-05-21 22:20:47,2024-05-21 18:20:47
e2 80 69 95 00 00 50 0d 5b e7 f5 1e,2,874,30 00,-5,37,2024-05-21 22:20:47,2024-05-21 18:20:47
e2 00 47 0d 62 00 60 26 57 a9 01 0c,2,897,34 00,-107,43,2024-05-21 22:20:48,2024-05-21 18:20:48
e2 00 47 0d 62 00 60 26 57 a9 01 0c,2,900,34 00,-96,44,2024-05-21 22:20:48,2024-05-21 18:20:48
e2 80 69 95 00 00 50 0d 5b e7 f5 1e,2,875,30 00,-16,38,2024-05-21 22:20:49,2024-05-21 18:20:49
e2 80 69 95 00 00 50 0d 5b e7 f5 1e,2,897,30 00,-190,39,2024-05-21 22:20:50,2024-05-21 18:20:50
e2 00 47 0d 62 00 60 26 57 a9 01 0c,2,909,34 00,-80,45,2024-05-21 22:20:50,2024-05-21 18:20:50
e2 80 69 95 00 00 50 0d 5b e7 f5 1e,2,868,30 00,-27,40,2024-05-21 22:20:51,2024-05-21 18:20:51
e2 00 47 0d 62 00 60 26 57 a9 01 0c,2,914,34 00,-43,46,2024-05-21 22:20:51,2024-05-21 18:20:51
e2 80 69 95 00 00 50 0d 5b e7 f5 1e,2,905,30 00,-156,41,2024-05-21 22:20:52,2024-05-21 18:20:52
e2 80 69 95 00 00 50 0d 5b e7 f5 1e,2,907,30 00,-145,42,2024-05-21 22:20:52,2024-05-21 18:20:52
e2 00 47 0d 62 00 60 26 57 a9 01 0c,2,916,34 00,-26,47,2024-05-21 22:20:53,2024-05-21 18:20:53
e2 80 69 95 00 00 50 0d 5b e7 f5 1e,2,891,30 00,-206,43,2024-05-21 22:20:53,2024-05-21 18:20:53
e2 80 11 70 00 00 02 19 31 1d 52 91,2,902,34 00,-148,25,2024-05-21 22:20:54,2024-05-21 18:20:54
e2 80 69 95 00 00 50 0d 5b e7 f5 1e,2,873,30 00,-3,44,2024-05-21 22:20:55,2024-05-21 18:20:55
e2 80 11 70 00 00 02 19 31 1d 52 91,2,913,34 00,-103,26,2024-05-21 22:20:55,2024-05-21 18:20:55
e2 80 69 95 00 00 50 0d 5b e7 f5 1e,2,885,30 00,-222,45,2024-05-21 22:20:56,2024-05-21 18:20:56
e2 80 69 95 00 00 50 0d 5b e7 f5 1e,2,895,30 00,-193,46,2024-05-21 22:20:56,2024-05-21 18:20:56
e2 80 11 70 00 00 02 19 31 1d 52 91,2,912,34 00,-106,27,2024-05-21 22:20:57,2024-05-21 18:20:57
e2 80 69 95 00 00 50 0d 5b e7 f5 1e,2,870,30 00,-20,47,2024-05-21 22:20:57,2024-05-21 18:20:57
e2 80 69 95 00 00 50 0d 5b e7 f5 1e,2,871,30 00,-13,48,2024-05-21 22:20:58,2024-05-21 18:20:58
e2 00 47 0d 62 00 60 26 57 a9 01 0c,2,899,34 00,-99,48,2024-05-21 22:20:59,2024-05-21 18:20:59
e2 80 69 95 00 00 50 0d 5b e7 f5 1e,2,875,30 00,-10,49,2024-05-21 22:20:59,2024-05-21 18:20:59
e2 80 69 95 00 00 50 0d 5b e7 f5 1e,2,888,30 00,-212,50,2024-05-21 22:21:00,2024-05-21 18:21:00
e2 80 11 70 00 00 02 19 31 1d 52 91,2,915,34 00,-98,28,2024-05-21 22:21:00,2024-05-21 18:21:00
e2 80 69 95 00 00 50 0d 5b e7 f5 1e,2,868,30 00,-27,51,2024-05-21 22:21:01,2024-05-21 18:21:01
e2 80 69 95 00 00 50 0d 5b e7 f5 1e,2,875,30 00,-8,52,2024-05-21 22:21:01,2024-05-21 18:21:01
e2 00 47 0d 62 00 60 26 57 a9 01 0c,2,882,34 00,-188,49,2024-05-21 22:21:02,2024-05-21 18:21:02
e2 00 47 0d 62 00 60 26 57 a9 01 0c,2,881,34 00,-196,50,2024-05-21 22:21:03,2024-05-21 18:21:03
e2 80 69 95 00 00 50 0d 5b e7 f5 1e,2,885,30 00,-225,53,2024-05-21 22:21:03,2024-05-21 18:21:03
e2 00 47 0d 62 00 60 26 57 a9 01 0c,2,903,34 00,-91,51,2024-05-21 22:21:04,2024-05-21 18:21:04
e2 00 47 0d 62 00 60 26 57 a9 01 0c,2,899,34 00,-101,52,2024-05-21 22:21:04,2024-05-21 18:21:04
e2 80 69 95 00 00 50 0d 5b e7 f5 1e,2,896,30 00,-192,54,2024-05-21 22:21:05,2024-05-21 18:21:05
e2 80 69 95 00 00 50 0d 5b e7 f5 1e,2,889,30 00,-215,55,2024-05-21 22:21:05,2024-05-21 18:21:05
e2 00 47 0d 62 00 60 26 57 a9 01 0c,2,909,34 00,-79,53,2024-05-21 22:21:06,2024-05-21 18:21:06
e2 80 69 95 00 00 50 0d 5b e7 f5 1e,2,890,30 00,-208,56,2024-05-21 22:21:07,2024-05-21 18:21:07
e2 00 47 0d 62 00 60 26 57 a9 01 0c,2,881,34 00,-196,54,2024-05-21 22:21:07,2024-05-21 18:21:07
e2 00 47 0d 62 00 60 26 57 a9 01 0c,2,916,34 00,-30,55,2024-05-21 22:21:08,2024-05-21 18:21:08
e2 80 69 95 00 00 50 0d 5b e7 f5 1e,2,876,30 00,-5,57,2024-05-21 22:21:08,2024-05-21 18:21:08
e2 80 11 70 00 00 02 19 31 1d 52 91,2,892,34 00,-186,29,2024-05-21 22:21:09,2024-05-21 18:21:09
e2 80 69 95 00 00 50 0d 5b e7 f5 1e,2,902,30 00,-164,58,2024-05-21 22:21:09,2024-05-21 18:21:09
e2 80 69 95 00 00 50 0d 5b e7 f5 1e,2,903,30 00,-161,59,2024-05-21 22:21:10,2024-05-21 18:21:10
e2 80 69 95 00 00 50 0d 5b e7 f5 1e,2,870,30 00,-19,60,2024-05-21 22:21:11,2024-05-21 18:21:11
e2 00 47 0d 62 00 60 26 57 a9 01 0c,2,894,34 00,-137,56,2024-05-21 22:21:11,2024-05-21 18:21:11
e2 80 69 95 00 00 50 0d 5b e7 f5 1e,2,912,30 00,-90,1,2024-05-23 14:25:10,2024-05-23 10:25:10
e2 80 69 95 00 00 50 0d 5b e7 f5 1e,2,901,30 00,-106,2,2024-05-23 14:25:11,2024-05-23 10:25:11
e2 80 69 95 00 00 50 0d 5b e7 f5 1e,2,879,30 00,-194,3,2024-05-23 14:25:11,2024-05-23 10:25:11
e2 80 69 95 00 00 50 0d 5b e7 f5 1e,2,876,30 00,-209,4,2024-05-23 14:25:12,2024-05-23 10:25:12
e2 80 69 95 00 00 50 0d 5b e7 f5 1e,2,896,30 00,-129,5,2024-05-23 14:25:13,2024-05-23 10:25:13
e2 80 69 95 00 00 50 0d 5b e7 f5 1e,2,903,30 00,-98,6,2024-05-23 14:25:13,2024-05-23 10:25:13
e2 80 69 95 00 00 50 0d 5b e7 f5 1e,2,886,30 00,-178,7,2024-05-23 14:25:14,2024-05-23 10:25:14
e2 80 69 95 00 00 50 0d 5b e7 f5 1e,2,902,30 00,-103,8,2024-05-23 14:25:14,2024-05-23 10:25:14
e2 80 69 95 00 00 50 0d 5b e7 f5 1e,2,916,30 00,-54,9,2024-05-23 14:25:15,2024-05-23 10:25:15
e2 80 69 95 00 00 50 0d 5b e7 f5 1e,2,914,30 00,-76,10,2024-05-23 14:25:15,2024-05-23 10:25:15
e2 80 69 95 00 00 50 0d 5b e7 f5 1e,2,892,30 00,-156,11,2024-05-23 14:25:16,2024-05-23 10:25:16
e2 80 69 95 00 00 50 0d 5b e7 f5 1e,2,883,30 00,-180,12,2024-05-23 14:25:16,2024-05-23 10:25:16
e2 80 69 95 00 00 50 0d 5b e7 f5 1e,2,900,30 00,-109,13,2024-05-23 14:25:17,2024-05-23 10:25:17
e2 80 69 95 00 00 50 0d 5b e7 f5 1e,2,919,30 00,-37,14,2024-05-23 14:25:18,2024-05-23 10:25:18
e2 80 69 95 00 00 50 0d 5b e7 f5 1e,2,874,30 00,-216,15,2024-05-23 14:25:18,2024-05-23 10:25:18
e2 80 69 95 00 00 50 0d 5b e7 f5 1e,2,891,30 00,-179,16,2024-05-23 14:25:19,2024-05-23 10:25:19
e2 80 69 95 00 00 50 0d 5b e7 f5 1e,2,899,30 00,-113,17,2024-05-23 14:25:19,2024-05-23 10:25:19
e2 80 69 95 00 00 50 0d 5b e7 f5 1e,2,916,30 00,-60,18,2024-05-23 14:25:20,2024-05-23 10:25:20
e2 80 69 95 00 00 50 0d 5b e7 f5 1e,2,876,30 00,-207,19,2024-05-23 14:25:20,2024-05-23 10:25:20
e2 80 69 95 00 00 50 0d 5b e7 f5 1e,2,916,30 00,-73,20,2024-05-23 14:25:21,2024-05-23 10:25:21
e2 80 69 95 00 00 50 0d 5b e7 f5 1e,2,886,30 00,-169,21,2024-05-23 14:25:22,2024-05-23 10:25:22
e2 80 69 95 00 00 50 0d 5b e7 f5 1e,2,902,30 00,-103,22,2024-05-23 14:25:22,2024-05-23 10:25:22
e2 80 69 95 00 00 50 0d 5b e7 f5 1e,2,873,30 00,-217,23,2024-05-23 14:25:23,2024-05-23 10:25:23
e2 80 69 95 00 00 50 0d 5b e7 f5 1e,2,919,30 00,-37,24,2024-05-23 14:25:23,2024-05-23 10:25:23
e2 80 69 95 00 00 50 0d 5b e7 f5 1e,2,902,30 00,-103,25,2024-05-23 14:25:24,2024-05-23 10:25:24
e2 80 69 95 00 00 50 0d 5b e7 f5 1e,2,884,30 00,-176,26,2024-05-23 14:25:24,2024-05-23 10:25:24
e2 80 69 95 00 00 50 0d 5b e7 f5 1e,2,900,30 00,-111,27,2024-05-23 14:25:25,2024-05-23 10:25:25
e2 80 69 95 00 00 50 0d 5b e7 f5 1e,2,881,30 00,-188,28,2024-05-23 14:25:26,2024-05-23 10:25:26
e2 80 69 95 00 00 50 0d 5b e7 f5 1e,2,876,30 00,-206,29,2024-05-23 14:25:26,2024-05-23 10:25:26
e2 80 69 95 00 00 50 0d 5b e7 f5 1e,2,885,30 00,-170,30,2024-05-23 14:25:27,2024-05-23 10:25:27
e2 80 69 95 00 00 50 0d 5b e7 f5 1e,2,914,30 00,-86,31,2024-05-23 14:25:27,2024-05-23 10:25:27
e2 80 69 95 00 00 50 0d 5b e7 f5 1e,2,902,30 00,-103,32,2024-05-23 14:25:28,2024-05-23 10:25:28
e2 80 69 95 00 00 50 0d 5b e7 f5 1e,2,909,30 00,-76,33,2024-05-23 14:25:28,2024-05-23 10:25:28
e2 80 69 95 00 00 50 0d 5b e7 f5 1e,2,867,30 00,-248,34,2024-05-23 14:25:29,2024-05-23 10:25:29
e2 80 69 95 00 00 50 0d 5b e7 f5 1e,2,880,30 00,-216,35,2024-05-23 14:25:30,2024-05-23 10:25:30
e2 80 69 95 00 00 50 0d 5b e7 f5 1e,2,871,30 00,-226,36,2024-05-23 14:25:30,2024-05-23 10:25:30
e2 80 11 91 a5 03 00 65 fe fa c7 79,2,891,30 00,-157,1,2024-05-23 14:25:31,2024-05-23 10:25:31
e2 80 11 91 a5 03 00 65 fe fa c7 79,2,898,30 00,-102,2,2024-05-23 14:25:32,2024-05-23 10:25:32
e2 80 69 95 00 00 50 0d 5b e7 f5 1e,2,901,30 00,-115,37,2024-05-23 14:25:33,2024-05-23 10:25:33
e2 80 11 91 a5 03 00 65 fe fa c7 79,2,873,30 00,-180,3,2024-05-23 14:25:33,2024-05-23 10:25:33
e2 80 69 95 00 00 50 0d 5b e7 f5 1e,2,909,30 00,-77,38,2024-05-23 14:25:34,2024-05-23 10:25:34
e2 80 69 95 00 00 50 0d 5b e7 f5 1e,2,895,30 00,-132,39,2024-05-23 14:25:34,2024-05-23 10:25:34
e2 80 69 95 00 00 50 0d 5b e7 f5 1e,2,905,30 00,-125,40,2024-05-23 14:25:35,2024-05-23 10:25:35
e2 80 69 95 00 00 50 0d 5b e7 f5 1e,2,892,30 00,-156,41,2024-05-23 14:25:35,2024-05-23 10:25:35
e2 80 69 95 00 00 50 0d 5b e7 f5 1e,2,902,30 00,-149,42,2024-05-23 14:25:36,2024-05-23 10:25:36
e2 80 69 95 00 00 50 0d 5b e7 f5 1e,2,875,30 00,-232,43,2024-05-23 14:25:37,2024-05-23 10:25:37
e2 80 69 95 00 00 50 0d 5b e7 f5 1e,2,878,30 00,-216,44,2024-05-23 14:25:37,2024-05-23 10:25:37
e2 80 69 95 00 00 50 0d 5b e7 f5 1e,2,871,30 00,-1,45,2024-05-23 14:25:38,2024-05-23 10:25:38
e2 80 69 95 00 00 50 0d 5b e7 f5 1e,2,894,30 00,-144,46,2024-05-23 14:25:39,2024-05-23 10:25:39
e2 80 69 95 00 00 50 0d 5b e7 f5 1e,2,882,30 00,-216,47,2024-05-23 14:25:39,2024-05-23 10:25:39
e2 80 69 95 00 00 50 0d 5b e7 f5 1e,2,919,30 00,-89,48,2024-05-23 14:25:40,2024-05-23 10:25:40
e2 80 69 95 00 00 50 0d 5b e7 f5 1e,2,877,30 00,-206,49,2024-05-23 14:25:41,2024-05-23 10:25:41
e2 80 69 95 00 00 50 0d 5b e7 f5 1e,2,915,30 00,-100,50,2024-05-23 14:25:41,2024-05-23 10:25:41
e2 80 69 95 00 00 50 0d 5b e7 f5 1e,2,889,30 00,-165,51,2024-05-23 14:25:42,2024-05-23 10:25:42
e2 80 69 95 00 00 50 0d 5b e7 f5 1e,2,897,30 00,-156,52,2024-05-23 14:25:42,2024-05-23 10:25:42
e2 80 69 95 00 00 50 0d 5b e7 f5 1e,2,904,30 00,-131,53,2024-05-23 14:25:43,2024-05-23 10:25:43
e2 80 69 95 00 00 50 0d 5b e7 f5 1e,2,903,30 00,-137,54,2024-05-23 14:25:43,2024-05-23 10:25:43
e2 80 69 95 00 00 50 0d 5b e7 f5 1e,2,907,30 00,-91,55,2024-05-23 14:25:44,2024-05-23 10:25:44
e2 80 69 95 00 00 50 0d 5b e7 f5 1e,2,899,30 00,-152,56,2024-05-23 14:25:45,2024-05-23 10:25:45
e2 80 69 95 00 00 50 0d 5b e7 f5 1e,2,883,30 00,-203,57,2024-05-23 14:25:45,2024-05-23 10:25:45
e2 80 69 95 00 00 50 0d 5b e7 f5 1e,2,904,30 00,-128,58,2024-05-23 14:25:46,2024-05-23 10:25:46
e2 80 69 95 00 00 50 0d 5b e7 f5 1e,2,891,30 00,-156,59,2024-05-23 14:25:46,2024-05-23 10:25:46
e2 80 69 95 00 00 50 0d 5b e7 f5 1e,2,868,30 00,-16,60,2024-05-23 14:25:47,2024-05-23 10:25:47
e2 80 69 95 00 00 50 0d 5b e7 f5 1e,2,914,30 00,-93,61,2024-05-23 14:25:48,2024-05-23 10:25:48
e2 80 69 95 00 00 50 0d 5b e7 f5 1e,2,899,30 00,-152,62,2024-05-23 14:25:48,2024-05-23 10:25:48
e2 80 69 95 00 00 50 0d 5b e7 f5 1e,2,893,30 00,-162,63,2024-05-23 14:25:49,2024-05-23 10:25:49
e2 80 69 95 00 00 50 0d 5b e7 f5 1e,2,879,30 00,-226,64,2024-05-23 14:25:50,2024-05-23 10:25:50
e2 80 69 95 00 00 50 0d 5b e7 f5 1e,2,883,30 00,-215,65,2024-05-23 14:25:50,2024-05-23 10:25:50
e2 80 69 95 00 00 50 0d 5b e7 f5 1e,2,904,30 00,-127,66,2024-05-23 14:25:51,2024-05-23 10:25:51
e2 80 69 95 00 00 50 0d 5b e7 f5 1e,2,906,30 00,-120,67,2024-05-23 14:25:51,2024-05-23 10:25:51
e2 80 69 95 00 00 50 0d 5b e7 f5 1e,2,868,30 00,-10,68,2024-05-23 14:25:52,2024-05-23 10:25:52
e2 80 69 95 00 00 50 0d 5b e7 f5 1e,2,887,30 00,-172,69,2024-05-23 14:25:52,2024-05-23 10:25:52
e2 80 69 95 00 00 50 0d 5b e7 f5 1e,2,888,30 00,-160,70,2024-05-23 14:25:53,2024-05-23 10:25:53
e2 80 69 95 00 00 50 0d 5b e7 f5 1e,2,877,30 00,-214,71,2024-05-23 14:25:54,2024-05-23 10:25:54
e2 80 69 95 00 00 50 0d 5b e7 f5 1e,2,893,30 00,-158,72,2024-05-23 14:25:54,2024-05-23 10:25:54
e2 80 69 95 00 00 50 0d 5b e7 f5 1e,2,897,30 00,-158,73,2024-05-23 14:25:55,2024-05-23 10:25:55
e2 80 69 95 00 00 50 0d 5b e7 f5 1e,2,895,30 00,-164,74,2024-05-23 14:25:55,2024-05-23 10:25:55
e2 80 69 95 00 00 50 0d 5b e7 f5 1e,2,871,30 00,-235,75,2024-05-23 14:25:56,2024-05-23 10:25:56
e2 80 69 95 00 00 50 0d 5b e7 f5 1e,2,892,30 00,-160,76,2024-05-23 14:25:56,2024-05-23 10:25:56
e2 80 69 95 00 00 50 0d 5b e7 f5 1e,2,903,30 00,-128,77,2024-05-23 14:25:57,2024-05-23 10:25:57
e2 80 69 95 00 00 50 0d 5b e7 f5 1e,2,901,30 00,-140,78,2024-05-23 14:25:58,2024-05-23 10:25:58
e2 80 69 95 00 00 50 0d 5b e7 f5 1e,2,919,30 00,-82,79,2024-05-23 14:25:58,2024-05-23 10:25:58
e2 80 69 95 00 00 50 0d 5b e7 f5 1e,2,912,30 00,-82,80,2024-05-23 14:25:59,2024-05-23 10:25:59
e2 80 69 95 00 00 50 0d 5b e7 f5 1e,2,880,30 00,-215,81,2024-05-23 14:25:59,2024-05-23 10:25:59
e2 80 69 95 00 00 50 0d 5b e7 f5 1e,2,877,30 00,-219,82,2024-05-23 14:26:00,2024-05-23 10:26:00
e2 80 69 95 00 00 50 0d 5b e7 f5 1e,2,899,30 00,-153,83,2024-05-23 14:26:00,2024-05-23 10:26:00
e2 80 69 95 00 00 50 0d 5b e7 f5 1e,2,898,30 00,-156,84,2024-05-23 14:26:01,2024-05-23 10:26:01
e2 80 69 95 00 00 50 0d 5b e7 f5 1e,2,870,30 00,-248,85,2024-05-23 14:26:02,2024-05-23 10:26:02
e2 80 69 95 00 00 50 0d 5b e7 f5 1e,2,904,30 00,-128,86,2024-05-23 14:26:02,2024-05-23 10:26:02
e2 80 69 95 00 00 50 0d 5b e7 f5 1e,2,899,30 00,-152,87,2024-05-23 14:26:03,2024-05-23 10:26:03
e2 80 69 95 00 00 50 0d 5b e7 f5 1e,2,903,30 00,-134,88,2024-05-23 14:26:03,2024-05-23 10:26:03
e2 80 69 95 00 00 50 0d 5b e7 f5 1e,2,882,30 00,-217,89,2024-05-23 14:26:04,2024-05-23 10:26:04
e2 80 69 95 00 00 50 0d 5b e7 f5 1e,2,912,30 00,-98,90,2024-05-23 14:26:04,2024-05-23 10:26:04
e2 80 69 95 00 00 50 0d 5b e7 f5 1e,2,904,30 00,-123,91,2024-05-23 14:26:05,2024-05-23 10:26:05
e2 80 69 95 00 00 50 0d 5b e7 f5 1e,2,896,30 00,-161,92,2024-05-23 14:26:06,2024-05-23 10:26:06
e2 80 69 95 00 00 50 0d 5b e7 f5 1e,2,875,30 00,-223,93,2024-05-23 14:26:06,2024-05-23 10:26:06
e2 80 69 95 00 00 50 0d 5b e7 f5 1e,2,891,30 00,-161,94,2024-05-23 14:26:07,2024-05-23 10:26:07
e2 80 69 95 00 00 50 0d 5b e7 f5 1e,2,907,30 00,-110,95,2024-05-23 14:26:07,2024-05-23 10:26:07
e2 80 69 95 00 00 50 0d 5b e7 f5 1e,2,917,30 00,-89,96,2024-05-23 14:26:08,2024-05-23 10:26:08
e2 80 69 95 00 00 50 0d 5b e7 f5 1e,2,893,30 00,-164,97,2024-05-23 14:26:08,2024-05-23 10:26:08
e2 80 69 95 00 00 50 0d 5b e7 f5 1e,2,902,30 00,-133,98,2024-05-23 14:26:09,2024-05-23 10:26:09
e2 80 69 95 00 00 50 0d 5b e7 f5 1e,2,893,30 00,-170,99,2024-05-23 14:26:10,2024-05-23 10:26:10
e2 80 69 95 00 00 50 0d 5b e7 f5 1e,2,912,30 00,-97,100,2024-05-23 14:26:10,2024-05-23 10:26:10
e2 80 69 95 00 00 50 0d 5b e7 f5 1e,2,894,30 00,-168,101,2024-05-23 14:26:11,2024-05-23 10:26:11
e2 80 69 95 00 00 50 0d 5b e7 f5 1e,2,912,30 00,-99,102,2024-05-23 14:26:11,2024-05-23 10:26:11
e2 80 69 95 00 00 50 0d 5b e7 f5 1e,2,909,30 00,-102,103,2024-05-23 14:26:12,2024-05-23 10:26:12
e2 80 69 95 00 00 50 0d 5b e7 f5 1e,2,886,30 00,-169,104,2024-05-23 14:26:12,2024-05-23 10:26:12
e2 80 69 95 00 00 50 0d 5b e7 f5 1e,2,908,30 00,-106,105,2024-05-23 14:26:13,2024-05-23 10:26:13
e2 80 69 95 00 00 50 0d 5b e7 f5 1e,2,907,30 00,-113,106,2024-05-23 14:26:14,2024-05-23 10:26:14
e2 80 69 95 00 00 50 0d 5b e7 f5 1e,2,914,30 00,-103,107,2024-05-23 14:26:14,2024-05-23 10:26:14
e2 80 69 95 00 00 50 0d 5b e7 f5 1e,2,869,30 00,-248,108,2024-05-23 14:26:15,2024-05-23 10:26:15
e2 80 69 95 00 00 50 0d 5b e7 f5 1e,2,871,30 00,-237,109,2024-05-23 14:26:15,2024-05-23 10:26:15
e2 80 69 95 00 00 50 0d 5b e7 f5 1e,2,907,30 00,-107,110,2024-05-23 14:26:16,2024-05-23 10:26:16
e2 80 69 95 00 00,2,904,30 00,-13,1,2024-05-23 14:26:17,2024-05-23 10:26:17
e2 80 69 95 00 00 50 0d 5b e7 f5 1e,2,914,30 00,-96,111,2024-05-23 14:26:17,2024-05-23 10:26:17
e2 80 69 95 00 00 50 0d 5b e7 f5 1e,2,870,30 00,-235,112,2024-05-23 14:26:18,2024-05-23 10:26:18
e2 80 69 95 00 00 50 0d 5b e7 f5 1e,2,874,30 00,-224,113,2024-05-23 14:26:18,2024-05-23 10:26:18
e2 80 69 95 00 00 50 0d 5b e7 f5 1e,2,897,30 00,-162,114,2024-05-23 14:26:19,2024-05-23 10:26:19
e2 80 69 95 00 00 50 0d 5b e7 f5 1e,2,900,30 00,-148,115,2024-05-23 14:26:19,2024-05-23 10:26:19
e2 80 69 95 00 00 50 0d 5b e7 f5 1e,2,875,30 00,-222,116,2024-05-23 14:26:20,2024-05-23 10:26:20
e2 80 69 95 00 00 50 0d 5b e7 f5 1e,2,897,30 00,-160,117,2024-05-23 14:26:20,2024-05-23 10:26:20
e2 80 69 95 00 00 50 0d 5b e7 f5 1e,2,909,30 00,-111,118,2024-05-23 14:26:21,2024-05-23 10:26:21
e2 80 69 95 00 00 50 0d 5b e7 f5 1e,2,868,30 00,-245,119,2024-05-23 14:26:22,2024-05-23 10:26:22
e2 80 69 95 00 00 50 0d 5b e7 f5 1e,2,914,30 00,-98,120,2024-05-23 14:26:22,2024-05-23 10:26:22
e2 80 69 95 00 00 50 0d 5b e7 f5 1e,2,905,30 00,-117,121,2024-05-23 14:26:23,2024-05-23 10:26:23
e2 80 69 95 00 00 50 0d 5b e7 f5 1e,2,907,30 00,-113,122,2024-05-23 14:26:23,2024-05-23 10:26:23
e2 80 69 95 00 00 50 0d 5b e7 f5 1e,2,916,30 00,-95,123,2024-05-23 14:26:24,2024-05-23 10:26:24
e2 80 69 95 00 00 50 0d 5b e7 f5 1e,2,891,30 00,-173,124,2024-05-23 14:26:24,2024-05-23 10:26:24
e2 80 69 95 00 00 50 0d 5b e7 f5 1e,2,902,30 00,-136,125,2024-05-23 14:26:25,2024-05-23 10:26:25
e2 80 69 95 00 00 50 0d 5b e7 f5 1e,2,873,30 00,-221,126,2024-05-23 14:26:26,2024-05-23 10:26:26
e2 80 69 95 00 00 50 0d 5b e7 f5 1e,2,913,30 00,-99,127,2024-05-23 14:26:26,2024-05-23 10:26:26
e2 80 69 95 00 00 50 0d 5b e7 f5 1e,2,885,30 00,-182,128,2024-05-23 14:26:27,2024-05-23 10:26:27
e2 80 69,2,895,30 00,0,1,2024-05-23 14:26:27,2024-05-23 10:26:27
e2 80 69 95 00 00 50 0d 5b e7 f5 1e,2,912,30 00,-105,129,2024-05-23 14:26:28,2024-05-23 10:26:28
e2 80 69 95 00 00 50 0d 5b e7 f5 1e,2,870,30 00,-241,130,2024-05-23 14:26:29,2024-05-23 10:26:29
e2 80 69 95 00 00 50 0d 5b e7 f5 1e,2,871,30 00,-235,131,2024-05-23 14:26:29,2024-05-23 10:26:29
e2 80 69 95 00 00 50 0d 5b e7 f5 1e,2,899,30 00,-139,132,2024-05-23 14:26:30,2024-05-23 10:26:30
e2 80 69 95 00 00 50 0d 5b e7 f5 1e,2,875,30 00,-223,133,2024-05-23 14:26:30,2024-05-23 10:26:30
e2 80 69 95 00 00 50 0d 5b e7 f5 1e,2,888,30 00,-172,134,2024-05-23 14:26:31,2024-05-23 10:26:31
e2 80 69 95 00 00 50 0d 5b e7 f5 1e,2,915,30 00,-97,135,2024-05-23 14:26:31,2024-05-23 10:26:31
e2 80 69 95 00 00 50 0d 5b e7 f5 1e,2,868,30 00,-252,136,2024-05-23 14:26:32,2024-05-23 10:26:32
e2 80 69 95 00 00 50 0d 5b e7 f5 1e,2,875,30 00,-225,137,2024-05-23 14:26:32,2024-05-23 10:26:32
e2 80 69 95 00 00 50 0d 5b e7 f5 1e,2,882,30 00,-219,138,2024-05-23 14:26:33,2024-05-23 10:26:33
e2 80 69 95 00 00 50 0d 5b e7 f5 1e,2,881,30 00,-221,139,2024-05-23 14:26:34,2024-05-23 10:26:34
e2 80 69 95 00 00 50 0d 5b e7 f5 1e,2,885,30 00,-173,140,2024-05-23 14:26:34,2024-05-23 10:26:34
e2 80 69 95 00 00 50 0d 5b e7 f5 1e,2,903,30 00,-125,141,2024-05-23 14:26:35,2024-05-23 10:26:35
e2 80 69 95 00 00 50 0d 5b e7 f5 1e,2,899,30 00,-150,142,2024-05-23 14:26:35,2024-05-23 10:26:35
e2 80 69 95 00 00 50 0d 5b e7 f5 1e,2,896,30 00,-164,143,2024-05-23 14:26:36,2024-05-23 10:26:36
e2 80 69 95 00 00 50 0d 5b e7 f5 1e,2,889,30 00,-169,144,2024-05-23 14:26:36,2024-05-23 10:26:36
e2 80 69 95 00 00 50 0d 5b e7 f5 1e,2,909,30 00,-109,145,2024-05-23 14:26:37,2024-05-23 10:26:37
e2 80 69 95 00 00 50 0d 5b e7 f5 1e,2,890,30 00,-182,146,2024-05-23 14:26:38,2024-05-23 10:26:38
e2 80 69 95 00 00 50 0d 5b e7 f5 1e,2,881,30 00,-223,147,2024-05-23 14:26:38,2024-05-23 10:26:38
e2 80 69 95 00 00 50 0d 5b e7 f5 1e,2,916,30 00,-92,148,2024-05-23 14:26:39,2024-05-23 10:26:39
e2 80 69 95 00 00 50 0d 5b e7 f5 1e,2,876,30 00,-223,149,2024-05-23 14:26:39,2024-05-23 10:26:39
e2 80 69 95 00 00 50 0d 5b e7 f5 1e,2,892,30 00,-175,150,2024-05-23 14:26:40,2024-05-23 10:26:40
e2 80 69 95 00 00 50 0d 5b e7 f5 1e,2,902,30 00,-129,151,2024-05-23 14:26:40,2024-05-23 10:26:40
e2 80 69 95 00 00 50 0d 5b e7 f5 1e,2,903,30 00,-107,152,2024-05-23 14:26:41,2024-05-23 10:26:41
e2 80 69 95 00 00 50 0d 5b e7 f5 1e,2,870,30 00,-239,153,2024-05-23 14:26:42,2024-05-23 10:26:42
e2 80 69 95 00 00 50 0d 5b e7 f5 1e,2,894,30 00,-164,154,2024-05-23 14:26:42,2024-05-23 10:26:42
e2 80 69 95 00 00 50 0d 5b e7 f5 1e,2,900,30 00,-146,155,2024-05-23 14:26:43,2024-05-23 10:26:43
e2 80 69 95 00 00 50 0d 5b e7 f5 1e,2,872,30 00,-227,156,2024-05-23 14:26:43,2024-05-23 10:26:43
e2 80 69 95 00 00 50 0d 5b e7 f5 1e,2,900,30 00,-148,157,2024-05-23 14:26:44,2024-05-23 10:26:44
e2 80 69 95 00 00 50 0d 5b e7 f5 1e,2,875,30 00,-216,158,2024-05-23 14:26:44,2024-05-23 10:26:44
e2 80 69 95 00 00 50 0d 5b e7 f5 1e,2,919,30 00,-91,159,2024-05-23 14:26:45,2024-05-23 10:26:45
e2 80 69 95 00 00 50 0d 5b e7 f5 1e,2,885,30 00,-184,160,2024-05-23 14:26:46,2024-05-23 10:26:46
e2 80 69 95 00 00 50 0d 5b e7 f5 1e,2,876,30 00,-228,161,2024-05-23 14:26:46,2024-05-23 10:26:46
e2 80 69 95 00 00 50 0d 5b e7 f5 1e,2,874,30 00,-233,162,2024-05-23 14:26:47,2024-05-23 10:26:47
e2 80 69 95 00 00 50 0d 5b e7 f5 1e,2,880,30 00,-227,163,2024-05-23 14:26:47,2024-05-23 10:26:47
e2 80 69 95 00 00 50 0d 5b e7 f5 1e,2,892,30 00,-175,164,2024-05-23 14:26:48,2024-05-23 10:26:48
e2 80 69 95 00 00 50 0d 5b e7 f5 1e,2,889,30 00,-173,165,2024-05-23 14:26:48,2024-05-23 10:26:48
e2 80 69 95 00 00 50 0d 5b e7 f5 1e,2,890,30 00,-176,166,2024-05-23 14:26:50,2024-05-23 10:26:50
e2 80 69 95 00 00 50 0d 5b e7 f5 1e,2,878,30 00,-230,167,2024-05-23 14:26:50,2024-05-23 10:26:50
e2 80 69 95 00 00 50 0d 5b e7 f5 1e,2,878,30 00,-232,168,2024-05-23 14:26:51,2024-05-23 10:26:51
e2 80 69 95 00 00 50 0d 5b e7 f5 1e,2,870,30 00,-238,169,2024-05-23 14:26:51,2024-05-23 10:26:51
e2 80 69 95 00 00 50 0d 5b e7 f5 1e,2,896,30 00,-165,170,2024-05-23 14:26:52,2024-05-23 10:26:52
e2 80 69 95 00 00 50 0d 5b e7 f5 1e,2,900,30 00,-132,171,2024-05-23 14:26:52,2024-05-23 10:26:52
e2 80 69 95 00 00 50 0d 5b e7 f5 1e,2,896,30 00,-170,172,2024-05-23 14:26:53,2024-05-23 10:26:53
e2 80 69 95 00 00 50 0d 5b e7 f5 1e,2,873,30 00,-230,173,2024-05-23 14:26:54,2024-05-23 10:26:54
e2 80 69 95 00 00 50 0d 5b e7 f5 1e,2,902,30 00,-133,174,2024-05-23 14:26:54,2024-05-23 10:26:54
e2 80 69 95 00 00 50 0d 5b e7 f5 1e,2,914,30 00,-105,175,2024-05-23 14:26:55,2024-05-23 10:26:55
e2 80 69 95 00 00 50 0d 5b e7 f5 1e,2,873,30 00,-227,176,2024-05-23 14:26:55,2024-05-23 10:26:55
e2 80 69 95 00 00 50 0d 5b e7 f5 1e,2,918,30 00,-94,177,2024-05-23 14:26:56,2024-05-23 10:26:56
e2 80 69 95 00 00 50 0d 5b e7 f5 1e,2,886,30 00,-180,178,2024-05-23 14:26:56,2024-05-23 10:26:56
e2 80 69 95 00 00 50 0d 5b e7 f5 1e,2,880,30 00,-229,179,2024-05-23 14:26:57,2024-05-23 10:26:57
e2 80 69 95 00 00 50 0d 5b e7 f5 1e,2,880,30 00,-225,180,2024-05-23 14:26:58,2024-05-23 10:26:58
e2 80 69 95 00 00 50 0d 5b e7 f5 1e,2,918,30 00,-89,181,2024-05-23 14:26:58,2024-05-23 10:26:58
e2 80 69 95 00 00 50 0d 5b e7 f5 1e,2,884,30 00,-192,182,2024-05-23 14:26:59,2024-05-23 10:26:59
e2 80 69 95 00 00 50 0d 5b e7 f5 1e,2,908,30 00,-112,183,2024-05-23 14:26:59,2024-05-23 10:26:59
e2 80 69 95 00 00 50 0d 5b e7 f5 1e,2,915,30 00,-100,184,2024-05-23 14:27:00,2024-05-23 10:27:00
e2 80 69 95 00 00 50 0d 5b e7 f5 1e,2,886,30 00,-203,185,2024-05-23 14:27:01,2024-05-23 10:27:01
e2 80 69 95 00 00 50 0d 5b e7 f5 1e,2,919,30 00,-78,186,2024-05-23 14:27:02,2024-05-23 10:27:02
e2 80 69 95 00 00 50 0d 5b e7 f5 1e,2,896,30 00,-155,187,2024-05-23 14:27:02,2024-05-23 10:27:02
e2 80 69 95 00 00 50 0d 5b e7 f5 1e,2,876,30 00,-218,188,2024-05-23 14:27:03,2024-05-23 10:27:03
e2 80 69 95 00 00 50 0d 5b e7 f5 1e,2,915,30 00,-101,189,2024-05-23 14:27:03,2024-05-23 10:27:03
